"","realIP","fullURL"
"286",3372058835,"http://www.lawtime.cn/info/hunyin/jihuashengyu/201411103309144.html"
"988",3812410744,"http://www.lawtime.cn/info/hunyin/jclawfdjc/xhjcq/20150204/3314298.html"
"1109",3460601870,"http://www.lawtime.cn/info/hunyin/jiatingguanxi/fy/20120829165275.html"
"1597",4062854839,"http://www.lawtime.cn/info/hunyin/hygx/fqgqpl/20130429166620.html"
"1612",4062854839,"http://www.lawtime.cn/info/hunyin/hygx/fqgqpl/20130506166634.html"
"1649",4062854839,"http://www.lawtime.cn/info/hunyin/hygx/fqgqpl/20120301164318.html"
"1905",3812410744,"http://www.lawtime.cn/info/hunyin/hynews/201502043314250.html"
"2280",3628374030,"http://www.lawtime.cn/info/hunyin/hunyinfagui/201501303314122.html"
"4413",3612836471,"http://www.lawtime.cn/info/hunyin/hunyinfagui/20110813143541.html"
"4485",3612836471,"http://www.lawtime.cn/info/hunyin/hunyinfagui/20121112165694.html"
"4488",3612836471,"http://www.lawtime.cn/info/hunyin/hunyinfagui/20130823167243.html"
"9599",3812410744,"http://www.lawtime.cn/info/hunyin/hunyinfaanli/201502033314238.html"
"10879",3728031415,"http://www.lawtime.cn/info/hunyin/qinzijianding/2010113078493.html"
"12875",3882965117,"http://www.lawtime.cn/info/hunyin/jhsy/daiyun/201501153313366.html"
"13253",4204598030,"http://www.lawtime.cn/info/hunyin/lihunfangchan/2010040724933.html"
"13372",4178061627,"http://www.lawtime.cn/info/hunyin/hunyinfagui/20110524133973.html"
"13616",3557828923,"http://www.lawtime.cn/info/hunyin/lihunfangchan/201411103309150.html"
"14752",3578107918,"http://www.lawtime.cn/info/hunyin/lhlawlhss/20120206163496.html"
"15492",4178061627,"http://www.lawtime.cn/info/hunyin/lhlawlhxy/20110707137693.html"
"17389",4204598030,"http://www.lawtime.cn/info/hunyin/ccfgzxwd/201406273018510.html"
"17403",4204598030,"http://www.lawtime.cn/info/hunyin/ccfgzxwd/201406273018492.html"
"17420",4204598030,"http://www.lawtime.cn/info/hunyin/ccfghqcc/20121023165556.html"
"20223",3684307470,"http://www.lawtime.cn/info/hunyin/fuqigongtongcaichan/2009043022847.html"
"20294",4165310478,"http://www.lawtime.cn/info/hunyin/znfylawfyfei/2010092856310.html"
"21056",3417468017,"http://www.lawtime.cn/info/hunyin/lihunjiufen/20110211118893.html"
"21610",4204598030,"http://www.lawtime.cn/info/hunyin/ccfgzxwd/201407073018804.html"
"21650",4204598030,"http://www.lawtime.cn/info/hunyin/fenjiaxichanjf/20121107165681.html"
"21797",4204598030,"http://www.lawtime.cn/info/hunyin/ccfglhccfg/20110816144151.html"
"27950",3375558327,"http://www.lawtime.cn/info/hunyin/jclawycjc/20110719140099.html"
"27973",3375558327,"http://www.lawtime.cn/info/hunyin/jclawycjc/20110125115336.html"
"29213",3812410744,"http://www.lawtime.cn/info/hunyin/jclawfdjc/xhjcq/20150204/3314296.html"
"32949",3540129396,"http://www.lawtime.cn/info/hunyin/lhlawlhxy/20110707137693.html"
"32959",3540129396,"http://www.lawtime.cn/info/hunyin/lihunshouxu/201312042874014.html"
"32966",3540129396,"http://www.lawtime.cn/info/hunyin/xieyilihun/20130723167146.html"
"33271",3375558327,"http://www.lawtime.cn/info/hunyin/hunyinfagui/201405223016690.html"
"33770",3938356179,"http://www.lawtime.cn/info/hunyin/lihunzhengju/2010111575246.html"
"35194",4018281486,"http://www.lawtime.cn/info/hunyin/hunyinfagui/20111012157587.html"
"35401",3372058835,"http://www.lawtime.cn/info/hunyin/lhlawlhxy/20110707137693.html"
"36726",3540129396,"http://www.lawtime.cn/info/hunyin/xieyilihun/20130723167132.html"
"36743",3540129396,"http://www.lawtime.cn/info/hunyin/xieyilihun/2010041424960.html"
"36747",3540129396,"http://www.lawtime.cn/info/hunyin/lhlawlhxy/2009070623062.html"
"36942",3608331896,"http://www.lawtime.cn/info/hunyin/lhlawlhxy/20110707137693.html"
"37598",3409233194,"http://www.lawtime.cn/info/hunyin/lhlawlhxy/20110707137693.html"
"37625",3409233194,"http://www.lawtime.cn/info/hunyin/lhlawlhxy/201403182883138.html"
"37638",3409233194,"http://www.lawtime.cn/info/hunyin/lhlawlhxy/20110524133980.html"
"39406",4018281486,"http://www.lawtime.cn/info/hunyin/hunyinfagui/20110813143541.html"
"39418",3430684114,"http://www.lawtime.cn/info/hunyin/lhlawlhxy/20120107162650.html"
"40625",3608331896,"http://www.lawtime.cn/info/hunyin/lhlawlhxy/201403182883138.html"
"40890",3549850737,"http://www.lawtime.cn/info/hunyin/hunyinfagui/201405082887762.html"
"41643",4018281486,"http://www.lawtime.cn/info/hunyin/znfylawfyq/20120807164891.html"
"44470",3812410744,"http://www.lawtime.cn/info/hunyin/jiehuncaili/201404112884386.html"
"44568",3812410744,"http://www.lawtime.cn/info/hunyin/jiehuncaili/201401202878198.html"
"45448",3812410744,"http://www.lawtime.cn/info/hunyin/lhlawlhzx/201406273018526.html"
"46123",3494352654,"http://www.lawtime.cn/info/hunyin/fuqigongtongcaichan/20111107160745.html"
"46136",3494352654,"http://www.lawtime.cn/info/hunyin/fuqigongtongcaichan/2010110372656.html"
"46147",3494352654,"http://www.lawtime.cn/info/hunyin/fuqigongtongcaichan/2010101261704.html"
"46356",3812551351,"http://www.lawtime.cn/info/hunyin/jiehundengji/20111025159569.html"
"47170",3372058835,"http://www.lawtime.cn/info/hunyin/znfylawfyfei/201411103309130.html"
"48140",4248119867,"http://www.lawtime.cn/info/hunyin/shouyangdongtai/2010062225527.html"
"48172",4248119867,"http://www.lawtime.cn/info/hunyin/shouyangdongtai/2008111421852.html"
"48738",3812410744,"http://www.lawtime.cn/info/hunyin/lhlawlhqs/201410293308802.html"
"48745",3812410744,"http://www.lawtime.cn/info/hunyin/jihuashengyu/20120215163891.html"
"48963",3841730875,"http://www.lawtime.cn/info/hunyin/fadingjiehunnianling/201312182875550.html"
"49185",3494352654,"http://www.lawtime.cn/info/hunyin/ccfghqcc/201405052885326.html"
"49195",3494352654,"http://www.lawtime.cn/info/hunyin/ccfglhccfg/20111020159105.html"
"53143",4178061627,"http://www.lawtime.cn/info/hunyin/yichanfanwei/2010120279804.html"
"57432",3443280351,"http://www.lawtime.cn/info/hunyin/caichanfengexieyi/20111118161114.html"
"57464",3443280351,"http://www.lawtime.cn/info/hunyin/ccfglhccfg/2011010492031.html"
"57466",3443280351,"http://www.lawtime.cn/info/hunyin/caichanfengexieyi/20110919152591.html"
"57467",3443280351,"http://www.lawtime.cn/info/hunyin/fqccyd/20110819144793.html"
"63810",4248119867,"http://www.lawtime.cn/info/hunyin/shouyangfagui/20110212119057.html"
"64289",3808176443,"http://www.lawtime.cn/info/hunyin/hunyinfagui/20110524133973.html"
"64471",3812410744,"http://www.lawtime.cn/info/hunyin/lhlawlhzx/201406273018502.html"
"65668",3718804750,"http://www.lawtime.cn/info/hunyin/lihunjiufen/201404142884484.html"
"67857",3494352654,"http://www.lawtime.cn/info/hunyin/lihunjiufen/20110325128797.html"
"69412",3718804750,"http://www.lawtime.cn/info/hunyin/fuqigongtongcaichan/201312242875970.html"
"71933",3937157047,"http://www.lawtime.cn/info/hunyin/hunyinfagui/2010101865056.html"
"72959",4139483767,"http://www.lawtime.cn/info/hunyin/jiehun/hunjia/201312182875578.html"
"72974",3578107918,"http://www.lawtime.cn/info/hunyin/hunyinfagui/201404042884112.html"
"73712",3628374030,"http://www.lawtime.cn/info/hunyin/lhlawlhxy/201312132875184.html"
"74128",3661928462,"http://www.lawtime.cn/info/hunyin/hunyinguanxi/2010110271098.html"
"74639",4139483767,"http://www.lawtime.cn/info/hunyin/jihuashengyu/20120215163891.html"
"74682",4139483767,"http://www.lawtime.cn/info/hunyin/hunyinfagui/201404102884290.html"
"75446",3401482871,"http://www.lawtime.cn/info/hunyin/lhlawlhxy/20110707137693.html"
"76670",3387906672,"http://www.lawtime.cn/info/hunyin/lhlawlhss/20120919165418.html"
"76842",3718804750,"http://www.lawtime.cn/info/hunyin/lhlawlhss/201401032876920.html"
"77443",3338504403,"http://www.lawtime.cn/info/hunyin/hynews/201405072887696.html"
"79235",3594885134,"http://www.lawtime.cn/info/hunyin/lhlawlhxy/201312042873960.html"
"79650",3812410744,"http://www.lawtime.cn/info/hunyin/hynews/201502023314202.html"
"80627",3812410744,"http://www.lawtime.cn/info/hunyin/yichanfanwei/2010093058045.html"
"81301",3494352654,"http://www.lawtime.cn/info/hunyin/jiehuntiaojian/2010110271169.html"
"82030",3338504403,"http://www.lawtime.cn/info/hunyin/lhlawlhxy/20110707137693.html"
"82526",4199125053,"http://www.lawtime.cn/info/lunwen/mfhunyin/2011072884401.html"
"82530",4199125053,"http://www.lawtime.cn/info/hunyin/ccfglaw/fqgrcc/201401202878262.html"
"82546",4199125053,"http://www.lawtime.cn/info/hunyin/hunyinfagui/201312112874686.html"
"82898",3563963690,"http://www.lawtime.cn/info/hunyin/lhlawlhxy/20110617136437.html"
"84566",3812410744,"http://www.lawtime.cn/info/hunyin/hynews/201502023314196.html"
"84683",3937157047,"http://www.lawtime.cn/info/hunyin/lihunfangchan/20110819144777.html"
"84740",3371129456,"http://www.lawtime.cn/info/hunyin/lihunchengxu/20120802164871.html"
"86681",3563963690,"http://www.lawtime.cn/info/hunyin/lhlawlhxy/2010100959579.html"
"86711",3803004474,"http://www.lawtime.cn/info/hunyin/dszn/20110917151985.html"
"88352",3812410744,"http://www.lawtime.cn/info/hunyin/hynews/201502053314304.html"
"88839",3421608974,"http://www.lawtime.cn/info/hunyin/lhlawlhxy/2010102970692.html"
"88845",3421608974,"http://www.lawtime.cn/info/hunyin/xieyilihun/2010110372458.html"
"88852",3421608974,"http://www.lawtime.cn/info/hunyin/lhlawlhxy/2010101362529.html"
"91640",4062854839,"http://www.lawtime.cn/info/hunyin/hygx/fqgqpl/201406093017788.html"
"91732",4062854839,"http://www.lawtime.cn/info/hunyin/hynews/2010101361963.html"
"93338",3594885134,"http://www.lawtime.cn/info/hunyin/jiehunzheng/20111018158630.html"
"95894",3526835895,"http://www.lawtime.cn/info/hunyin/fuhunzaihun/2009082423165.html"
"96194",3940488410,"http://www.lawtime.cn/info/hunyin/dszn/201501063312900.html"
"99268",3563963690,"http://www.lawtime.cn/info/hunyin/lhlawlhxy/201311052871082.html"
"99304",3812410744,"http://www.lawtime.cn/info/hunyin/shouyangshouxu/201412023310236.html"
"99355",3812410744,"http://www.lawtime.cn/info/hunyin/jiatingbaoli/201412033310362.html"
"100372",3594819598,"http://www.lawtime.cn/info/hunyin/hunwaitongji/20110225119597.html"
"103455",4148533262,"http://www.lawtime.cn/info/hunyin/lhlawlhss/201403272883802.html"
"103503",4148533262,"http://www.lawtime.cn/info/hunyin/lhlawlhss/201410133308390.html"
"103628",3611596814,"http://www.lawtime.cn/info/hunyin/hunyinjiufen/pohuaijunhunzui/20130719167115.html"
"107143",4170935409,"http://www.lawtime.cn/info/hunyin/lhlawlhxy/20110707137693.html"
"110462",3561265166,"http://www.lawtime.cn/info/hunyin/caichangongzheng/20110124111428.html"
"111915",3812410744,"http://www.lawtime.cn/info/hunyin/ccfglhccfg/201408063305818.html"
"118159",3684307470,"http://www.lawtime.cn/info/hunyin/hunyinfagui/20111012157591.html"
"119735",3812551351,"http://www.lawtime.cn/info/hunyin/hunyinfagui/201404042884112.html"
"124909",3561265166,"http://www.lawtime.cn/info/hunyin/lhlawlhxy/20110707137693.html"
"125761",3557828923,"http://www.lawtime.cn/info/hunyin/ccfgzxwd/201407073018812.html"
"125830",3557828923,"http://www.lawtime.cn/info/hunyin/ccfglaw/fqgrcc/201401202878262.html"
"125872",3557828923,"http://www.lawtime.cn/info/hunyin/ccfglhccfg/2010112275471.html"
"129211",3557828923,"http://www.lawtime.cn/info/hunyin/ccfglhccfg/201312162875224.html"
"129247",3557828923,"http://www.lawtime.cn/info/hunyin/ccfglhccfg/20130923167324.html"
"129301",3557828923,"http://www.lawtime.cn/info/hunyin/ccfglhccfg/201310152869388.html"
"134125",4178061627,"http://www.lawtime.cn/info/hunyin/ccfglaw/fuqixichan/201407083018878.html"
"134127",4178061627,"http://www.lawtime.cn/info/hunyin/ccfglaw/fuqixichan/201407093018932.html"
"134129",4178061627,"http://www.lawtime.cn/info/hunyin/ccfglaw/fuqixichan/201407083018886.html"
"134266",4193286670,"http://www.lawtime.cn/info/hunyin/shishihunyin/20111102160332.html"
"134324",4193286670,"http://www.lawtime.cn/info/hunyin/feihunshengzinv/201401142877734.html"
"134354",4193286670,"http://www.lawtime.cn/info/hunyin/shishihunyin/20120511164604.html"
"135280",3604750713,"http://www.lawtime.cn/info/hunyin/jiehundengji/2010090342142.html"
"137044",3371129456,"http://www.lawtime.cn/info/hunyin/lhlawlhxy/20110707137693.html"
"141682",3796798525,"http://www.lawtime.cn/info/hunyin/fuqigongtongcaichan/2011010693635.html"
"144050",4047869966,"http://www.lawtime.cn/info/hunyin/lhlawlhxy/201312042873964.html"
"144053",4047869966,"http://www.lawtime.cn/info/hunyin/lhlawlhxy/20120716164803.html"
"144057",4047869966,"http://www.lawtime.cn/info/hunyin/lhlawlhxy/201311292873592.html"
"147010",4047869966,"http://www.lawtime.cn/info/hunyin/lhlawlhxy/20110930156351.html"
"147616",3812551351,"http://www.lawtime.cn/info/hunyin/hynews/2008112521873.html"
"151587",3460601870,"http://www.lawtime.cn/info/hunyin/hunwaitongji/201501133313254.html"
"152757",3499847950,"http://www.lawtime.cn/info/hunyin/lhlawlhxy/20110707137693.html"
"152821",3499847950,"http://www.lawtime.cn/info/hunyin/lhlawlhxy/201401032876890.html"
"152823",3499847950,"http://www.lawtime.cn/info/hunyin/lhlawlhxy/201408273307004.html"
"152825",3499847950,"http://www.lawtime.cn/info/hunyin/lhlawlhxy/201408063305842.html"
"152829",3499847950,"http://www.lawtime.cn/info/hunyin/lhlawlhxy/201312042873960.html"
"152831",3499847950,"http://www.lawtime.cn/info/hunyin/lhlawlhxy/20130523166741.html"
"152834",3499847950,"http://www.lawtime.cn/info/hunyin/lhlawlhxy/201312132875184.html"
"153082",4148533262,"http://www.lawtime.cn/info/hunyin/lihunshouxu/2011011297438.html"
"153373",4165310478,"http://www.lawtime.cn/info/hunyin/tanwangquan/list.html"
"154522",3896690040,"http://www.lawtime.cn/info/hunyin/jiatingguanxi/danqinjiating/20121105165646.html"
"155844",3404683888,"http://www.lawtime.cn/info/hunyin/hunyinfagui/201411053308986.html"
"156589",3404683888,"http://www.lawtime.cn/info/hunyin/hynews/20110921153317.html"
"158145",3808266451,"http://www.lawtime.cn/info/hunyin/lhlawlhxy/20110707137693.html"
"158149",3803004474,"http://www.lawtime.cn/info/hunyin/lhlawlhxy/20110707137693.html"
"159072",3812410744,"http://www.lawtime.cn/info/hunyin/hynews/201502043314302.html"
"159459",3812410744,"http://www.lawtime.cn/info/hunyin/tanwangquan/20120116162891.html"
"159862",3940488410,"http://www.lawtime.cn/info/hunyin/hunyinfagui/201404102884290.html"
"161582",3940488410,"http://www.lawtime.cn/info/hunyin/jihuashengyu/201411053308990.html"
"164383",3812410744,"http://www.lawtime.cn/info/hunyin/shouyangfagui/201312172875418.html"
"165014",3610198129,"http://www.lawtime.cn/info/hunyin/lhlawlhxy/201408063305854.html"
"165034",3610198129,"http://www.lawtime.cn/info/hunyin/lhlawlhxy/201408063305842.html"
"165059",3610198129,"http://www.lawtime.cn/info/hunyin/lhlawlhxy/201408063305834.html"
"166224",4166918519,"http://www.lawtime.cn/info/hunyin/jiehundengji/2010090342142.html"
"166233",4166918519,"http://www.lawtime.cn/info/hunyin/jiehundengji/20110923154493.html"
"166243",4166918519,"http://www.lawtime.cn/info/hunyin/jiehundengji/2007020219235.html"
"167545",3812410744,"http://www.lawtime.cn/info/hunyin/jichengfagui/201401042876948.html"
"167547",3812410744,"http://www.lawtime.cn/info/hunyin/jiatingbaoli/201311222872900.html"
"168432",3812551351,"http://www.lawtime.cn/info/hunyin/hunyinfagui/201402252881390.html"
"168709",3812551351,"http://www.lawtime.cn/info/hunyin/hunyinfagui/20111012157587.html"
"168711",3812551351,"http://www.lawtime.cn/info/hunyin/hunyinfagui/20110816144097.html"
"171630",4065533812,"http://www.lawtime.cn/info/hunyin/hunyinfagui/201312032873822.html"
"171636",4065533812,"http://www.lawtime.cn/info/hunyin/hunyinfagui/201312032873826.html"
"171646",4065533812,"http://www.lawtime.cn/info/hunyin/hunyinfagui/201312032873806.html"
"172309",3869818799,"http://www.lawtime.cn/info/hunyin/lhlawlhxy/20110707137693.html"
"172314",3869818799,"http://www.lawtime.cn/info/hunyin/lhlawlhxy/list.html"
"172315",3869818799,"http://www.lawtime.cn/info/hunyin/lhlawlhxy/201408063305854.html"
"176140",3728031415,"http://www.lawtime.cn/info/hunyin/hynews/201502043314250.html"
"176540",4081424398,"http://www.lawtime.cn/info/hunyin/lihunzhengju/201311292873552.html"
"177347",3557828923,"http://www.lawtime.cn/info/hunyin/ccfglhccfg/2010050825107.html"
"179545",3421461104,"http://www.lawtime.cn/info/hunyin/hyflws/20110829147699.html"
"181761",3812551351,"http://www.lawtime.cn/info/hunyin/ccfglaw/fqgrcc/20120810164950.html"
"188624",3549850737,"http://www.lawtime.cn/info/hunyin/jiehun/hunjia/201312182875578.html"
"191321",3604750713,"http://www.lawtime.cn/info/hunyin/jiehunzheng/2010101562857.html"
"191865",3338504403,"http://www.lawtime.cn/info/minfa/qlrshunyinzy/2011120299562.html"
"191991",3549850737,"http://www.lawtime.cn/info/hunyin/hunyinfagui/201411053308986.html"
"192111",4062854839,"http://www.lawtime.cn/info/hunyin/hygx/fqgqpl/20120301164317.html"
"192461",3578107918,"http://www.lawtime.cn/info/hunyin/lhlawlhss/20110615135669.html"
"196812",3372058835,"http://www.lawtime.cn/info/hunyin/lhlawlhqs/201311122871934.html"
"196875",3812410744,"http://www.lawtime.cn/info/hunyin/hynews/201502053314328.html"
"197266",4047869966,"http://www.lawtime.cn/info/hunyin/lhlawlhxy/20110707137693.html"
"201828",3549850737,"http://www.lawtime.cn/info/hunyin/hunyinfagui/201404102884290.html"
"202364",4211413978,"http://www.lawtime.cn/info/hunyin/lhlawlhxy/20110707137693.html"
"203785",3594885134,"http://www.lawtime.cn/info/hunyin/lihuntiaojian/201406203018180.html"
"209921",3938356179,"http://www.lawtime.cn/info/hunyin/jhsy/ertaizheng/201311202872488.html"
"212216",4156035598,"http://www.lawtime.cn/info/hunyin/hunyinjiufen/baoernai/20120717164809.html"
"213447",3812410744,"http://www.lawtime.cn/info/hunyin/wangshangjiehun/201502103314550.html"
"214990",3728031415,"http://www.lawtime.cn/info/hunyin/jhsy/weihunxianyun/201501313314180.html"
"215547",3584663310,"http://www.lawtime.cn/info/hunyin/hunyinfagui/201411053308986.html"
"215562",3584663310,"http://www.lawtime.cn/info/hunyin/hunyinfagui/2010091347265.html"
"216145",3421461104,"http://www.lawtime.cn/info/hunyin/lhlawlhss/20120817165068.html"
"217284",3549850737,"http://www.lawtime.cn/info/hunyin/jiehun/hunjia/20110920152787.html"
"217315",3549850737,"http://www.lawtime.cn/info/hunyin/jiehun/hunjia/20130516166690.html"
"217625",4087091982,"http://www.lawtime.cn/info/hunyin/fqccyd/20121025165603.html"
"217639",4087091982,"http://www.lawtime.cn/info/hunyin/fuqigongtongcaichan/201501043312694.html"
"218864",3584663310,"http://www.lawtime.cn/info/hunyin/lihunchengxu/20110929156127.html"
"219282",4211413978,"http://www.lawtime.cn/info/hunyin/lhlawlhxy/201312042873964.html"
"219315",4211413978,"http://www.lawtime.cn/info/hunyin/lhlawlhxy/201312132875184.html"
"219335",4087091982,"http://www.lawtime.cn/info/hunyin/lhlaw/lihunxichan/201312262876352.html"
"219342",4087091982,"http://www.lawtime.cn/info/hunyin/hunyinfagui/201312112874686.html"
"219363",4087091982,"http://www.lawtime.cn/info/hunyin/ccfglhccfg/201310152869388.html"
"224874",4156035598,"http://www.lawtime.cn/info/lunwen/mfhunyin/201501063312888.html"
"224889",4156035598,"http://www.lawtime.cn/info/lunwen/mfhunyin/2007030661640.html"
"224908",4156035598,"http://www.lawtime.cn/info/hunyin/hyflw/20111229162072.html"
"225834",4178061627,"http://www.lawtime.cn/info/hunyin/hunyinfagui/20110818144675.html"
"226459",3812410744,"http://www.lawtime.cn/info/hunyin/lhlawlhxy/20110707137693.html"
"226620",3812410744,"http://www.lawtime.cn/info/hunyin/ccfglhccfg/2010101663819.html"
"229475",3685615031,"http://www.lawtime.cn/info/hunyin/shehuifuyangfei/20110720140471.html"
"229486",3685615031,"http://www.lawtime.cn/info/hunyin/shehuifuyangfei/20110720140417.html"
"229488",3685615031,"http://www.lawtime.cn/info/hunyin/shehuifuyangfei/201411213309668.html"
"233695",3812410744,"http://www.lawtime.cn/info/hunyin/hynews/201502093314522.html"
"235518",3549850737,"http://www.lawtime.cn/info/hunyin/jihuashengyu/20120215163891.html"
"236965",3387906672,"http://www.lawtime.cn/info/hunyin/fuqizhaiwu/2009030522492.html"
"242066",3524739441,"http://www.lawtime.cn/info/hunyin/lhlaw/lihunxichan/201502073314488.html"
"242087",3812410744,"http://www.lawtime.cn/info/hunyin/ccfghqcc/20121023165556.html"
"243000",3484975735,"http://www.lawtime.cn/info/hunyin/lhlawlhxy/20110707137693.html"
"246157",3812410744,"http://www.lawtime.cn/info/hunyin/ccfglhccfg/201503133315442.html"
"247302",3796798525,"http://www.lawtime.cn/info/hunyin/fuqigongtongcaichan/20110819144755.html"
"248032",3524739441,"http://www.lawtime.cn/info/hunyin/lihunzhengju/20120209163590.html"
"248246",3812410744,"http://www.lawtime.cn/info/hunyin/hynews/201503123315394.html"
"248300",3812410744,"http://www.lawtime.cn/info/hunyin/hynews/201503113315384.html"
"248304",3812410744,"http://www.lawtime.cn/info/hunyin/hynews/201503113315380.html"
"249216",3430684114,"http://www.lawtime.cn/info/hunyin/fuqi/20110125115050.html"
"251669",3957137785,"http://www.lawtime.cn/info/hunyin/jhsy/danduertai/201403282883818.html"
"251715",3957137785,"http://www.lawtime.cn/info/hunyin/hunyinfagui/201403282883816.html"
"251716",3957137785,"http://www.lawtime.cn/info/hunyin/hunyinfagui/201404042884112.html"
"252312",4178061627,"http://www.lawtime.cn/info/hunyin/lhlawlhxy/20120107162650.html"
"252384",4178061627,"http://www.lawtime.cn/info/hunyin/lhlawlhxy/20130523166741.html"
"253477",3524739441,"http://www.lawtime.cn/info/hunyin/lihunpeichang/2009072023082.html"
"253508",3524739441,"http://www.lawtime.cn/info/hunyin/lihunpeichang/2010020924412.html"
"255159",3549850737,"http://www.lawtime.cn/info/hunyin/fuqigongtongcaichan/2009043022847.html"
"255821",3602661303,"http://www.lawtime.cn/info/hunyin/lhlawlhxy/20110707137693.html"
"255840",3602661303,"http://www.lawtime.cn/info/hunyin/lihunshouxu/201312042874014.html"
"256772",3372058835,"http://www.lawtime.cn/info/hunyin/jihuashengyu/20120215163891.html"
"258622",3524739441,"http://www.lawtime.cn/info/hunyin/lihunpeichang/201403312883834.html"
"258720",3812410744,"http://www.lawtime.cn/info/hunyin/jiehun/jiehunchengxu/20130724167158.html"
"258758",3524739441,"http://www.lawtime.cn/info/hunyin/lihunpeichang/201401142877754.html"
"258782",3524739441,"http://www.lawtime.cn/info/hunyin/lihunpeichang/2010120781451.html"
"258858",3524739441,"http://www.lawtime.cn/info/hunyin/hynews/2010100859141.html"
"259934",3421461104,"http://www.lawtime.cn/info/hunyin/lihunpeichang/201404042884126.html"
"259985",3524739441,"http://www.lawtime.cn/info/hunyin/lihunpeichang/20110302122176.html"
"259989",3421461104,"http://www.lawtime.cn/info/hunyin/lihunpeichang/201403312883850.html"
"261187",3812410744,"http://www.lawtime.cn/info/hunyin/lhlawlhxy/201312132875184.html"
"261593",3484975735,"http://www.lawtime.cn/info/hunyin/lhlawlhxy/201311052871082.html"
"261625",3484975735,"http://www.lawtime.cn/info/hunyin/lhlawlhxy/20111118161148.html"
"261731",3602661303,"http://www.lawtime.cn/info/hunyin/xieyilihun/20130723167146.html"
"261858",3602661303,"http://www.lawtime.cn/info/hunyin/xieyilihun/20130723167135.html"
"261880",3602661303,"http://www.lawtime.cn/info/hunyin/xieyilihun/20130723167132.html"
"262662",3812551351,"http://www.lawtime.cn/info/hunyin/hunyinfagui/201401222878564.html"
"264628",3421461104,"http://www.lawtime.cn/info/hunyin/lihunpeichang/201311152872152.html"
"264690",3812410744,"http://www.lawtime.cn/info/hunyin/hynews/201503163315464.html"
"265755",3803004474,"http://www.lawtime.cn/info/hunyin/jiehun/hunjia/20110920152787.html"
"266129",3524739441,"http://www.lawtime.cn/info/hunyin/hunyindiaochaquzheng/2010110674612.html"
"266296",3417468017,"http://www.lawtime.cn/info/hunyin/fuqigongtongcaichan/20110303123819.html"
"267756",3417468017,"http://www.lawtime.cn/info/hunyin/jiechutongji/20111010157189.html"
"268006",3812410744,"http://www.lawtime.cn/info/hunyin/hynews/201503303316088.html"
"268144",3387906672,"http://www.lawtime.cn/info/hunyin/lhlawlhxy/20110707137693.html"
"268423",3808266451,"http://www.lawtime.cn/info/hunyin/jichengfagui/201401042876948.html"
"268667",3812410744,"http://www.lawtime.cn/info/hunyin/caichanfengexieyi/201407083018858.html"
"269771",3812410744,"http://www.lawtime.cn/info/hunyin/caichanfengexieyi/201503133315428.html"
"270360",3812410744,"http://www.lawtime.cn/info/hunyin/caichanfengexieyi/201503133315424.html"
"271192",3978727950,"http://www.lawtime.cn/info/hunyin/lhlaw/lihunxichan/201312262876352.html"
"271459",4062854839,"http://www.lawtime.cn/info/hunyin/lhlawlhss/20110125112715.html"
"271661",3684307470,"http://www.lawtime.cn/info/hunyin/swhyswjh/20110615135691.html"
"272311",3978432782,"http://www.lawtime.cn/info/hunyin/jclawjichengfa/201412023310282.html"
"275126",3684307470,"http://www.lawtime.cn/info/hunyin/hunyinfagui/20110813143541.html"
"275825",3812410744,"http://www.lawtime.cn/info/hunyin/jclawycjc/2010120280342.html"
"276401",3885375609,"http://www.lawtime.cn/info/hunyin/ccfglhccfg/2010121585754.html"
"276978",3812410744,"http://www.lawtime.cn/info/hunyin/hynews/201502133314710.html"
"277315",3812410744,"http://www.lawtime.cn/info/hunyin/caichanfengexieyi/201503133315426.html"
"278350",3387906672,"http://www.lawtime.cn/info/hunyin/lhlawlhxy/201312132875184.html"
"279184",3885375609,"http://www.lawtime.cn/info/hunyin/ccfglhccfg/20111209161780.html"
"279983",3978727950,"http://www.lawtime.cn/info/hunyin/ccfglhccfg/201310152869388.html"
"285804",4072424305,"http://www.lawtime.cn/info/hunyin/lhlawlhxy/20110707137693.html"
"285841",4072424305,"http://www.lawtime.cn/info/hunyin/lhlawlhxy/201408063305854.html"
"285846",3601548401,"http://www.lawtime.cn/info/hunyin/qinzijianding/20121116165707.html"
"285870",4072424305,"http://www.lawtime.cn/info/hunyin/lhlawlhxy/201411103309100.html"
"285899",3601548401,"http://www.lawtime.cn/info/hunyin/qinzijianding/201310282870164.html"
"285900",3601548401,"http://www.lawtime.cn/info/hunyin/qinzijianding/20130717167093.html"
"285950",3812410744,"http://www.lawtime.cn/info/hunyin/znfylaw/anli/20130716167082.html"
"285976",3601548401,"http://www.lawtime.cn/info/hunyin/qinzijianding/20120817165071.html"
"286352",3978727950,"http://www.lawtime.cn/info/hunyin/ccfglhccfg/20130430166629.html"
"287689",3421461104,"http://www.lawtime.cn/info/minfa/qlrshunyinzy/2011103196059.html"
"289339",3937157047,"http://www.lawtime.cn/info/hunyin/lihunfangchan/2011011297281.html"
"293535",3545306039,"http://www.lawtime.cn/info/hunyin/lhlawlhxy/20110707137693.html"
"293542",3545306039,"http://www.lawtime.cn/info/hunyin/lhlawlhxy/201403182883138.html"
"293549",3545306039,"http://www.lawtime.cn/info/hunyin/ccfglhccfg/201402242881194.html"
"293566",3545306039,"http://www.lawtime.cn/info/hunyin/lhlawlhxy/2010112576393.html"
"294893",3812410744,"http://www.lawtime.cn/info/hunyin/hynews/201503093315222.html"
"295917",3324168052,"http://www.lawtime.cn/info/hunyin/lhlawlhxy/20110707137693.html"
"295946",3324168052,"http://www.lawtime.cn/info/hunyin/lihunshouxu/201312042874014.html"
"295958",3324168052,"http://www.lawtime.cn/info/hunyin/xieyilihun/20130723167147.html"
"295968",3324168052,"http://www.lawtime.cn/info/hunyin/xieyilihun/20130723167135.html"
"297236",3796798525,"http://www.lawtime.cn/info/hunyin/hunyinfagui/20110813143541.html"
"299872",4178061627,"http://www.lawtime.cn/info/hunyin/ccfglhccfg/20110120102666.html"
"299874",3557828923,"http://www.lawtime.cn/info/hunyin/caichangongzheng/201501053312752.html"
"299891",3684307470,"http://www.lawtime.cn/info/hunyin/lhlawlhxy/20110707137693.html"
"300709",3812410744,"http://www.lawtime.cn/info/hunyin/yichanfenpei/2010011524211.html"
"300955",3636128183,"http://www.lawtime.cn/info/hunyin/lhlawlhxy/20110707137693.html"
"301038",3636128183,"http://www.lawtime.cn/info/hunyin/lhlawlhxy/201403182883138.html"
"301070",3636128183,"http://www.lawtime.cn/info/hunyin/ccfglhccfg/201405052885334.html"
"301210",3812410744,"http://www.lawtime.cn/info/hunyin/jiatingbaoli/201412033310358.html"
"301226",3812410744,"http://www.lawtime.cn/info/hunyin/znfylawbfyq/201407183019378.html"
"301233",3812410744,"http://www.lawtime.cn/info/hunyin/znfylawfyfei/201411103309130.html"
"301473",3545306039,"http://www.lawtime.cn/info/hunyin/lhlawlhxy/201311052871082.html"
"301496",3545306039,"http://www.lawtime.cn/info/hunyin/lhlawlhxy/201310282870162.html"
"301500",3545306039,"http://www.lawtime.cn/info/hunyin/lhlawlhxy/20130523166741.html"
"302959",3645216782,"http://www.lawtime.cn/info/hunyin/jiatingbaoli/index.html"
"302961",3645216782,"http://www.lawtime.cn/info/hunyin/jiatingbaoli/201311222872878.html"
"305063",3812410744,"http://www.lawtime.cn/info/hunyin/xueqin/zhixixueqin/201503063315208.html"
"305330",3636128183,"http://www.lawtime.cn/info/hunyin/ccfglhccfg/201404152884560.html"
"306389",4086594318,"http://www.lawtime.cn/info/hunyin/lhlawlhxy/20110707137693.html"
"308499",3404683888,"http://www.lawtime.cn/info/hunyin/lhlawlhxy/20110707137693.html"
"309573",3812410744,"http://www.lawtime.cn/info/hunyin/yizhu/201502273314880.html"
"309931",4086594318,"http://www.lawtime.cn/info/hunyin/lhlawlhxy/201312132875184.html"
"309954",4086594318,"http://www.lawtime.cn/info/hunyin/lhlawlhxy/201401032876890.html"
"311677",3812410744,"http://www.lawtime.cn/info/hunyin/xueqin/zhixixueqin/201503093315266.html"
"311691",3703549564,"http://www.lawtime.cn/info/hunyin/znfylawbfyq/201407183019378.html"
"312838",3372058835,"http://www.lawtime.cn/info/hunyin/lhlawlhss/20110615135669.html"
"312844",3372058835,"http://www.lawtime.cn/info/hunyin/lhlawlhss/201401032876884.html"
"314481",3812410744,"http://www.lawtime.cn/info/hunyin/jiehuntiaojian/201408113306018.html"
"314674",3703549564,"http://www.lawtime.cn/info/hunyin/znfylawbfyq/201502043314280.html"
"315787",3510999054,"http://www.lawtime.cn/info/hunyin/hynews/201501303314102.html"
"315894",3812551351,"http://www.lawtime.cn/info/hunyin/lhlawlhxy/20110707137693.html"
"317961",3703549564,"http://www.lawtime.cn/info/hunyin/znfylawbfyq/20111128161562.html"
"319300",3602661303,"http://www.lawtime.cn/info/hunyin/znfylaw/anli/20111209161743.html"
"319556",3629613687,"http://www.lawtime.cn/info/hunyin/fuqigongtongcaichan/2011011297432.html"
"323357",3812551351,"http://www.lawtime.cn/info/hunyin/hunyinfagui/201312112874686.html"
"323607",3421461104,"http://www.lawtime.cn/info/hunyin/lhlawlhxy/2010092755724.html"
"324571",3812410744,"http://www.lawtime.cn/info/hunyin/lihunfangchan/2011010492276.html"
"324927",3882965117,"http://www.lawtime.cn/info/hunyin/hynews/2009032622717.html"
"325254",3372058835,"http://www.lawtime.cn/info/hunyin/lihunchengxu/20120210163620.html"
"325536",3629613687,"http://www.lawtime.cn/info/hunyin/lhlawlhss/20110919152585.html"
"326574",3733881207,"http://www.lawtime.cn/info/hunyin/lihuntiaojian/20130903167263.html"
"326622",3733881207,"http://www.lawtime.cn/info/hunyin/lihuntiaojian/2010110372160.html"
"326671",3733881207,"http://www.lawtime.cn/info/hunyin/lihunjiufen/2010120882144.html"
"330886",3970558391,"http://www.lawtime.cn/info/hunyin/lihuntiaojian/20120104162170.html"
"331274",3387906672,"http://www.lawtime.cn/info/hunyin/hunyinfagui/201411053308986.html"
"331319",3387906672,"http://www.lawtime.cn/info/hunyin/lhlawlhxy/201408063305854.html"
"331681",3421461104,"http://www.lawtime.cn/info/hunyin/lhlawlhss/20120813164969.html"
"331732",3812551351,"http://www.lawtime.cn/info/hunyin/fangqi/2010102668162.html"
"332102",4178061627,"http://www.lawtime.cn/info/hunyin/hynews/2010102970703.html"
"333637",3629613687,"http://www.lawtime.cn/info/hunyin/jiehun/hunjia/201312182875578.html"
"333755",3812410744,"http://www.lawtime.cn/info/hunyin/lhlawlhss/20120919165418.html"
"333946",3812410744,"http://www.lawtime.cn/info/hunyin/jichenganli/20110519133930.html"
"334499",3970558391,"http://www.lawtime.cn/info/hunyin/ccfglhccfg/20110303124865.html"
"334560",3970558391,"http://www.lawtime.cn/info/hunyin/jiatingbaoli/20121123165734.html"
"334737",3967620562,"http://www.lawtime.cn/info/hunyin/xujialihun/qizhalihun/201503193315728.html"
"335751",3510999054,"http://www.lawtime.cn/info/hunyin/jiehun/hunjia/20111123161492.html"
"336739",4178061627,"http://www.lawtime.cn/info/hunyin/hynews/201401032876882.html"
"337124",3967620562,"http://www.lawtime.cn/info/hunyin/xujialihun/qizhalihun/201503193315724.html"
"337252",3967620562,"http://www.lawtime.cn/info/hunyin/xujialihun/qizhalihun/20130827167251.html"
"337284",3896690040,"http://www.lawtime.cn/info/hunyin/lihunzhengju/201404302885142.html"
"340546",3978432782,"http://www.lawtime.cn/info/hunyin/lihunjiufen/2010101060172.html"
"342282",3796798525,"http://www.lawtime.cn/info/hunyin/caichanfengexieyi/20111118161114.html"
"343813",3796798525,"http://www.lawtime.cn/info/hunyin/lihunfangchan/20110124108321.html"
"349597",3611662350,"http://www.lawtime.cn/info/hunyin/ccfglhccfg/201311112871878.html"
"350819",3918930041,"http://www.lawtime.cn/info/hunyin/lhlawlhxy/20110707137693.html"
"350840",3918930041,"http://www.lawtime.cn/info/hunyin/lihunshouxu/201312042874014.html"
"354762",4062854839,"http://www.lawtime.cn/info/hunyin/hunyinfagui/20110813143541.html"
"354850",4062854839,"http://www.lawtime.cn/info/hunyin/hunyinfagui/20111012157587.html"
"356272",4178061627,"http://www.lawtime.cn/info/hunyin/lhlawlhzx/20111226161917.html"
"358003",3472714865,"http://www.lawtime.cn/info/hunyin/hynews/20110818144619.html"
"358143",3695714681,"http://www.lawtime.cn/info/hunyin/lihunfangchan/20120508164594.html"
"358162",3695714681,"http://www.lawtime.cn/info/hunyin/lihunfangchan/20120220163947.html"
"359469",3812551351,"http://www.lawtime.cn/info/hunyin/lihuntiaojian/2010101663759.html"
"362996",3421461104,"http://www.lawtime.cn/info/hunyin/znfylawfyq/201402182880784.html"
"363084",3308748046,"http://www.lawtime.cn/info/hunyin/znfylawbfyq/2010113078505.html"
"364217",3338504403,"http://www.lawtime.cn/info/hunyin/jihuashengyu/20120215163891.html"
"365320",4040030266,"http://www.lawtime.cn/info/hunyin/lihunfangchan/20110211118911.html"
"366242",3472714865,"http://www.lawtime.cn/info/hunyin/hunyinfagui/2010101864786.html"
"370791",4089714292,"http://www.lawtime.cn/info/hunyin/lhlawlhxy/20110707137693.html"
"371563",3308748046,"http://www.lawtime.cn/info/hunyin/znfylawbfyq/20120118163186.html"
"372102",3841730875,"http://www.lawtime.cn/info/hunyin/lhlawlhxy/20110707137693.html"
"372376",3309007630,"http://www.lawtime.cn/info/hunyin/lihuntiaojian/20130903167263.html"
"373918",3308748046,"http://www.lawtime.cn/info/hunyin/znfylawbfyq/20130506166639.html"
"374848",3812410744,"http://www.lawtime.cn/info/hunyin/ccfglhccfg/20110816144151.html"
"374860",3812410744,"http://www.lawtime.cn/info/hunyin/jhsy/danduertai/201402252881370.html"
"374870",3812410744,"http://www.lawtime.cn/info/hunyin/jiehuncaili/20130929167336.html"
"374882",3812410744,"http://www.lawtime.cn/info/hunyin/jiehuncaili/20130929167341.html"
"374940",4089714292,"http://www.lawtime.cn/info/hunyin/lihunshouxu/201312042874014.html"
"375028",4089714292,"http://www.lawtime.cn/info/hunyin/xieyilihun/20130723167146.html"
"375129",4089714292,"http://www.lawtime.cn/info/hunyin/xieyilihun/20130723167147.html"
"375542",3812410744,"http://www.lawtime.cn/info/hunyin/lihunchengxu/201401022876832.html"
"375555",3812410744,"http://www.lawtime.cn/info/minfa/qlrshunyinzy/2011111998297.html"
"375798",4170935409,"http://www.lawtime.cn/info/hunyin/xueqin/nizhixueqin/20120723164819.html"
"375902",3851633265,"http://www.lawtime.cn/info/hunyin/fenji/fenjizhengming/20130628166953.html"
"375928",3851633265,"http://www.lawtime.cn/info/hunyin/lihuntiaojian/2010120179090.html"
"375932",3851633265,"http://www.lawtime.cn/info/hunyin/tongjifalvzhishi/20110711138497.html"
"377325",3808266451,"http://www.lawtime.cn/info/hunyin/jichengfagui/201402122880224.html"
"378643",3812551351,"http://www.lawtime.cn/info/hunyin/fangqi/20110616136113.html"
"378840",3812410744,"http://www.lawtime.cn/info/hunyin/caichanfengexieyi/201503133315432.html"
"379474",3309007630,"http://www.lawtime.cn/info/hunyin/lihuntiaojian/201311072871508.html"
"379603",3309007630,"http://www.lawtime.cn/info/hunyin/lihuntiaojian/2010110372160.html"
"380614",3882965117,"http://www.lawtime.cn/info/hunyin/dszn/201501043312676.html"
"381215",3526694354,"http://www.lawtime.cn/info/hunyin/znfylawbfyq/201407183019378.html"
"381225",3526694354,"http://www.lawtime.cn/info/hunyin/znfylawbfyq/201502043314280.html"
"381241",3526694354,"http://www.lawtime.cn/info/hunyin/znfylawfyq/201402182880772.html"
"382427",3549850737,"http://www.lawtime.cn/info/hunyin/jclawjichengfa/20110809142373.html"
"383161",4178061627,"http://www.lawtime.cn/info/hunyin/tanwangquan/20110928155477.html"
"387260",3309007630,"http://www.lawtime.cn/info/hunyin/lihuntiaojian/2010020924408.html"
"387614",3611596814,"http://www.lawtime.cn/info/hunyin/lhlawlhxy/201403182883138.html"
"387621",3661928462,"http://www.lawtime.cn/info/hunyin/lhlawlhxy/201403182883138.html"
"387625",4179144572,"http://www.lawtime.cn/info/hunyin/xieyilihun/20110718139901.html"
"387632",4179144572,"http://www.lawtime.cn/info/hunyin/lhlawlhss/20110611134503.html"
"387636",4179144572,"http://www.lawtime.cn/info/hunyin/lihunchengxu/20111031160059.html"
"388564",3812410744,"http://www.lawtime.cn/info/hunyin/hynews/201502043314272.html"
"388974",4040030266,"http://www.lawtime.cn/info/hunyin/lihunpeichang/20120428164578.html"
"392613",3812410744,"http://www.lawtime.cn/info/hunyin/hynews/201503063315190.html"
"392621",3812410744,"http://www.lawtime.cn/info/hunyin/hynews/201503173315620.html"
"393852",4040030266,"http://www.lawtime.cn/info/hunyin/zinvfuyangfei/20130118166091.html"
"393967",4178061627,"http://www.lawtime.cn/info/hunyin/hunyinfagui/201406043017416.html"
"394242",4218502714,"http://www.lawtime.cn/info/hunyin/lhlawlhxy/20110707137693.html"
"394298",4218502714,"http://www.lawtime.cn/info/hunyin/lhlawlhxy/201312132875184.html"
"394679",4163780721,"http://www.lawtime.cn/info/hunyin/lhlawlhss/20120919165418.html"
"395136",3812410744,"http://www.lawtime.cn/info/hunyin/caichanfengexieyi/201503133315434.html"
"395911",3372058835,"http://www.lawtime.cn/info/hunyin/jihuashengyu/201411053308990.html"
"397411",4163780721,"http://www.lawtime.cn/info/hunyin/lhlawlhss/20130708167011.html"
"397479",4163780721,"http://www.lawtime.cn/info/hunyin/lhlawlhxy/20110707137693.html"
"397689",3561265166,"http://www.lawtime.cn/info/hunyin/hunyinfagui/201402252881390.html"
"398433",3557828923,"http://www.lawtime.cn/info/hunyin/ccfghqcc/20110124108626.html"
"399968",4289828366,"http://www.lawtime.cn/info/hunyin/lhlawlhxy/20110707137693.html"
"400014",4289828366,"http://www.lawtime.cn/info/hunyin/lhlawlhxy/201403182883138.html"
"400021",4289828366,"http://www.lawtime.cn/info/hunyin/ccfglhccfg/201405052885334.html"
"400058",4289828366,"http://www.lawtime.cn/info/hunyin/ccfglhccfg/201404152884560.html"
"400599",3371129456,"http://www.lawtime.cn/info/hunyin/zhonghun/zhonghunzui/2011011195449.html"
"401045",3908961719,"http://www.lawtime.cn/info/hunyin/lhlawlhxy/20110707137693.html"
"401047",3908961719,"http://www.lawtime.cn/info/hunyin/lihunshouxu/201312042874014.html"
"401050",3908961719,"http://www.lawtime.cn/info/hunyin/ccfglhccfg/201405052885334.html"
"402077",3791399227,"http://www.lawtime.cn/info/hunyin/hynews/201501303314102.html"
"405344",3812410744,"http://www.lawtime.cn/info/hunyin/hynews/201503173315622.html"
"408317",3918930041,"http://www.lawtime.cn/info/hunyin/shouyangfagui/201412013310206.html"
"408616",3578107918,"http://www.lawtime.cn/info/hunyin/jhsy/danduertai/201311192872318.html"
"415538",3401482871,"http://www.lawtime.cn/info/hunyin/jichengrenfanwei/2008111321746.html"
"416014",3918930041,"http://www.lawtime.cn/info/hunyin/hyflw/2010110473067.html"
"417036",3812551351,"http://www.lawtime.cn/info/hunyin/shanyangyiwu/20110713138747.html"
"419787",3332472078,"http://www.lawtime.cn/info/hunyin/zinvfuyangquan/20111205161674.html"
"419821",3332472078,"http://www.lawtime.cn/info/hunyin/lihunjiufen/20110325132377.html"
"421658",3663053023,"http://www.lawtime.cn/info/hunyin/hunfang/hunhoumaifang/20121213165805.html"
"421690",3663053023,"http://www.lawtime.cn/info/hunyin/hunyinfagui/20110617136373.html"
"421744",3663053023,"http://www.lawtime.cn/info/hunyin/lihunfangchan/20110830148021.html"
"421778",3663053023,"http://www.lawtime.cn/info/hunyin/lihunfangchan/2010040724933.html"
"423264",3332472078,"http://www.lawtime.cn/info/hunyin/lihuntiaojian/201411103309124.html"
"423280",3332472078,"http://www.lawtime.cn/info/hunyin/zinvfuyangquan/20130801167196.html"
"423316",3332472078,"http://www.lawtime.cn/info/hunyin/znfylawfyq/201402182880772.html"
"424095",3812410744,"http://www.lawtime.cn/info/hunyin/ccfglhccfg/201503133315444.html"
"424961",3684307470,"http://www.lawtime.cn/info/hunyin/tongjicaichan/20110819144683.html"
"426929",3812410744,"http://www.lawtime.cn/info/hunyin/hynews/201502283314894.html"
"428989",3947074062,"http://www.lawtime.cn/info/hunyin/ccfgzxwd/201407073018814.html"
"429010",3947074062,"http://www.lawtime.cn/info/hunyin/ccfglhccfg/2010110371501.html"
"429018",3947074062,"http://www.lawtime.cn/info/hunyin/lihunjiufen/2010110271162.html"
"429625",3869073521,"http://www.lawtime.cn/info/hunyin/hunyindiaochaquzheng/20111230162158.html"
"429690",3869073521,"http://www.lawtime.cn/info/hunyin/hunyindiaochaquzheng/201405203016594.html"
"429727",3869073521,"http://www.lawtime.cn/info/hunyin/hunyindiaochaquzheng/20120920165428.html"
"433964",3684307470,"http://www.lawtime.cn/info/hunyin/lhlawlhxy/20120418164558.html"
"434075",3404683888,"http://www.lawtime.cn/info/hunyin/jihuashengyu/20120208163543.html"
"436991",3549850737,"http://www.lawtime.cn/info/hunyin/jihuashengyu/201411103309146.html"
"437117",4159082510,"http://www.lawtime.cn/info/hunyin/lhlawlhxy/20110707137693.html"
"437129",4159082510,"http://www.lawtime.cn/info/hunyin/lhlawlhxy/201403182883138.html"
"437144",4159082510,"http://www.lawtime.cn/info/hunyin/lihunshouxu/201312042874014.html"
"437155",3401482871,"http://www.lawtime.cn/info/hunyin/jihuashengyu/201411053308990.html"
"437176",4159082510,"http://www.lawtime.cn/info/hunyin/xieyilihun/20130723167146.html"
"437192",4159082510,"http://www.lawtime.cn/info/hunyin/xieyilihun/20130723167147.html"
"437504",3858508091,"http://www.lawtime.cn/info/hunyin/lhlawlhxy/20110707137693.html"
"437563",3858508091,"http://www.lawtime.cn/info/hunyin/lihunshouxu/201312042874014.html"
"437581",3858508091,"http://www.lawtime.cn/info/hunyin/ccfglhccfg/201405052885334.html"
"440313",3858508091,"http://www.lawtime.cn/info/hunyin/ccfglhccfg/201404152884560.html"
"441817",3669682615,"http://www.lawtime.cn/info/hunyin/hunyinfagui/201401162877924.html"
"443304",3812410744,"http://www.lawtime.cn/info/hunyin/fuqigongtongcaichan/201404252884948.html"
"443372",3812410744,"http://www.lawtime.cn/info/hunyin/fuqigongtongcaichan/201503133315450.html"
"443619",3882965117,"http://www.lawtime.cn/info/hunyin/lhlawlhxy/201411103309120.html&from=androidqq"
"443645",4159082510,"http://www.lawtime.cn/info/hunyin/lhlawlhxy/201311052871082.html"
"445040",3812410744,"http://www.lawtime.cn/info/hunyin/fuqigongtongcaichan/201503133315460.html"
"448798",3556123511,"http://www.lawtime.cn/info/hunyin/lhlawlhxy/20110707137693.html"
"449728",4159082510,"http://www.lawtime.cn/info/hunyin/lihuntiaojian/20120116162894.html"
"451969",3549850737,"http://www.lawtime.cn/info/hunyin/yichanfanwei/2010011924251.html"
"452721",3556123511,"http://www.lawtime.cn/info/hunyin/lihunshouxu/201312042874014.html"
"452750",3556123511,"http://www.lawtime.cn/info/hunyin/lhlawlhxy/20110617136377.html"
"452758",3556123511,"http://www.lawtime.cn/info/hunyin/lhlawlhxy/201403182883138.html"
"458248",3812410744,"http://www.lawtime.cn/info/hunyin/hunwaitongji/20120118163178.html"
"458281",3812410744,"http://www.lawtime.cn/info/hunyin/tongjijiufen/feifapinji/20120302164362.html"
"458356",3812410744,"http://www.lawtime.cn/info/hunyin/jiatingbaoli/201503063315194.html"
"459026",3371129456,"http://www.lawtime.cn/info/hunyin/lhlawlhqs/20111223161902.html"
"459081",3847774321,"http://www.lawtime.cn/info/hunyin/jihuashengyu/20120215163891.html"
"459649",3404683888,"http://www.lawtime.cn/info/hunyin/hunyinfagui/2010091347265.html"
"460269",3472714865,"http://www.lawtime.cn/info/hunyin/hunyinfaanli/20110124111539.html"
"460545",3808176443,"http://www.lawtime.cn/info/hunyin/lihunchengxu/20120210163620.html"
"460595",3812410744,"http://www.lawtime.cn/info/hunyin/tongjijiufen/feifapinji/20120727164851.html"
"460666",4081424398,"http://www.lawtime.cn/info/hunyin/hunyinfagui/201403122882960.html"
"461569",3812410744,"http://www.lawtime.cn/info/hunyin/hunyinjiufen/baoernai/20120518164637.html"
"464111",3384820081,"http://www.lawtime.cn/info/hunyin/lhlawlhxy/20110707137693.html"
"464824",3594885134,"http://www.lawtime.cn/info/hunyin/fuqigongtongcaichan/201312062874288.html"
"464838",3594885134,"http://www.lawtime.cn/info/hunyin/fuqigongtongcaichan/201503133315460.html"
"465584",3578107918,"http://www.lawtime.cn/info/hunyin/jiatingguanxi/peiouquan/201403072882606.html"
"466490",4104065806,"http://www.lawtime.cn/info/hunyin/lhlawlhxy/20110707137693.html"
"468122",3812410744,"http://www.lawtime.cn/info/hunyin/tongjijiufen/feifapinji/201503103315276.html"
"469038",4207602103,"http://www.lawtime.cn/info/hunyin/jichengrenfanwei/20110719140093.html"
"469101",4207602103,"http://www.lawtime.cn/info/hunyin/jichengrenfanwei/20110822144981.html"
"469158",4207602103,"http://www.lawtime.cn/info/hunyin/jichengrenfanwei/2010101261065.html"
"470313",3812410744,"http://www.lawtime.cn/info/hunyin/tongjijiufen/feifapinji/20120727164850.html"
"470564",3812410744,"http://www.lawtime.cn/info/hunyin/hunyinfagui/20130114166005.html"
"470871",4104065806,"http://www.lawtime.cn/info/hunyin/lhlawlhqs/201312042873994.html"
"470882",4104065806,"http://www.lawtime.cn/info/hunyin/zinvfuyangfei/201403312883874.html"
"472897",3812410744,"http://www.lawtime.cn/info/hunyin/ccfgzxwd/201407073018814.html"
"472981",3428619022,"http://www.lawtime.cn/info/hunyin/feihunshengzinv/20110125112586.html"
"474072",4039742222,"http://www.lawtime.cn/info/hunyin/lhlawlhxy/20110707137693.html"
"474099",4039742222,"http://www.lawtime.cn/info/hunyin/lhlawlhxy/201312132875184.html"
"474115",4039742222,"http://www.lawtime.cn/info/hunyin/lhlawlhxy/201312042873962.html"
"474133",4039742222,"http://www.lawtime.cn/info/hunyin/lhlawlhxy/201311292873592.html"
"474196",4053305563,"http://www.lawtime.cn/info/hunyin/lihunfangchan/2010040724933.html"
"474332",4053305563,"http://www.lawtime.cn/info/hunyin/lihunfangchan/20120220163942.html"
"474896",4207602103,"http://www.lawtime.cn/info/hunyin/jichengquangongzheng/2010120279708.html"
"474913",4207602103,"http://www.lawtime.cn/info/hunyin/daiweijichengquan/20110519133918.html"
"475310",3678705678,"http://www.lawtime.cn/info/hunyin/lhlawlhxy/20110707137693.html"
"475581",3812410744,"http://www.lawtime.cn/info/hunyin/tongjijiufen/feifapinji/201503103315280.html"
"475695",3812410744,"http://www.lawtime.cn/info/hunyin/hynews/201501303314110.html"
"475699",3812410744,"http://www.lawtime.cn/info/hunyin/lihunpeichang/201501293314094.html"
"475716",3812410744,"http://www.lawtime.cn/info/hunyin/hynews/201501293314084.html"
"475918",3384820081,"http://www.lawtime.cn/info/hunyin/lhlawlhxy/201312042873960.html"
"477990",3947074062,"http://www.lawtime.cn/info/hunyin/ccfglhccfg/2010110371875.html"
"478635",4003337178,"http://www.lawtime.cn/info/hunyin/lhlawlhxy/20110707137693.html"
"478657",4003337178,"http://www.lawtime.cn/info/hunyin/lihunshouxu/201312042874014.html"
"478685",4003337178,"http://www.lawtime.cn/info/hunyin/lhlawlhxy/20110617136377.html"
"480015",3594819598,"http://www.lawtime.cn/info/hunyin/lhlawlhxy/201312132875184.html"
"480091",3678705678,"http://www.lawtime.cn/info/hunyin/ccfglhccfg/201310152869388.html"
"480313",3384820081,"http://www.lawtime.cn/info/hunyin/lhlawlhxy/201311292873514.html"
"481984",3418758414,"http://www.lawtime.cn/info/hunyin/fadingjiehunnianling/201312182875550.html"
"482063",3418758414,"http://www.lawtime.cn/info/hunyin/fuqigongtongcaichan/201406063017616.html"
"482197",3418758414,"http://www.lawtime.cn/info/hunyin/hunwaitongji/20120116162876.html"
"482634",3634500980,"http://www.lawtime.cn/info/hunyin/ccfglhccfg/20110607134268.html"
"482654",3634500980,"http://www.lawtime.cn/info/hunyin/fuqigongtongcaichan/2010122490550.html"
"482752",3634500980,"http://www.lawtime.cn/info/hunyin/hynews/2007013119187.html"
"484183",3812410744,"http://www.lawtime.cn/info/hunyin/tongjijiufen/feifapinji/201503103315284.html"
"488279",3421461104,"http://www.lawtime.cn/info/hunyin/lhlawlhxy/20110707137693.html"
"488570",3611662350,"http://www.lawtime.cn/info/hunyin/lhlawlhxy/20110707137693.html"
"489825",4178061627,"http://www.lawtime.cn/info/hunyin/lihunchengxu/20120210163620.html"
"490637",4053305563,"http://www.lawtime.cn/info/hunyin/hunfang/hunhoumaifang/20120405164525.html"
"490655",3812410744,"http://www.lawtime.cn/info/hunyin/tongjijiufen/feifapinji/201503103315288.html"
"491106",3882965117,"http://www.lawtime.cn/info/hunyin/lhlawlhxy/20110707137693.html"
"495527",3465434232,"http://www.lawtime.cn/info/hunyin/hyflw/2010110170783.html"
"496037",3812410744,"http://www.lawtime.cn/info/hunyin/hynews/201411263309866.html"
"496088",3647378958,"http://www.lawtime.cn/info/hunyin/lhlawlhxy/201411103309100.html"
"496126",3647378958,"http://www.lawtime.cn/info/hunyin/lhlawlhqs/20110616136165.html"
"496130",3647378958,"http://www.lawtime.cn/info/hunyin/lhlawlhxy/20111205161696.html"
"496153",3812410744,"http://www.lawtime.cn/info/hunyin/shishihunyin/20121120165724.html"
"496160",3812410744,"http://www.lawtime.cn/info/hunyin/shishihunyin/201503033314996.html"
"496251",3812410744,"http://www.lawtime.cn/info/hunyin/ccfglhccfg/201502283314896.html"
"496566",3557828923,"http://www.lawtime.cn/info/hunyin/lhlawlhxy/20110707137693.html"
"499011",3791399227,"http://www.lawtime.cn/info/hunyin/hunyinfagui/201411053308986.html"
"499632",3465434232,"http://www.lawtime.cn/info/hunyin/fuqi/20110210118777.html"
"499688",3465434232,"http://www.lawtime.cn/info/hunyin/ccfglaw/hqccxys/20120928165473.html"
"499849",4207602103,"http://www.lawtime.cn/info/hunyin/daiweijichengquan/20110124110600.html"
"499882",3549850737,"http://www.lawtime.cn/info/hunyin/hunyinfagui/20110813143541.html"
"499902",4207602103,"http://www.lawtime.cn/info/hunyin/yizhujichengfanwei/20110719139965.html"
"499989",4207602103,"http://www.lawtime.cn/info/hunyin/jichengfagui/2010111175201.html"
"504002",3812410744,"http://www.lawtime.cn/info/hunyin/shishihunyin/201402212881178.html"
"504076",3647378958,"http://www.lawtime.cn/info/hunyin/lhlawlhxy/201312042873964.html"
"504077",3647378958,"http://www.lawtime.cn/info/hunyin/lhlawlhxy/201312132875184.html"
"504081",3812410744,"http://www.lawtime.cn/info/hunyin/shishihunyin/201503103315292.html"
"506091",3628374030,"http://www.lawtime.cn/info/hunyin/hunyinfagui/20130114166011.html"
"506099",3647378958,"http://www.lawtime.cn/info/hunyin/lhlawlhxy/201312042873960.html"
"506134",3647378958,"http://www.lawtime.cn/info/hunyin/lhlawlhxy/201311292873514.html"
"506551",3885375609,"http://www.lawtime.cn/info/hunyin/jiehun/hunjia/20110920152787.html"
"509286",3485407415,"http://www.lawtime.cn/info/hunyin/jhsy/ertaizhengce/201504223317026.html"
"509306",3485407415,"http://www.lawtime.cn/info/hunyin/jiatingbaoli/201504223317022.html"
"509329",3485407415,"http://www.lawtime.cn/info/hunyin/hynews/201504223317014.html"
"509406",3485407415,"http://www.lawtime.cn/info/hunyin/hynews/201504203316848.html"
"510609",3812410744,"http://www.lawtime.cn/info/hunyin/shishihunyin/201503103315296.html"
"510732",3812410744,"http://www.lawtime.cn/info/hunyin/jiehundengji/201411103309138.html"
"511752",3550418702,"http://www.lawtime.cn/info/hunyin/lhlawlhxy/20110707137693.html"
"511787",3550418702,"http://www.lawtime.cn/info/hunyin/lihunshouxu/201312042874014.html"
"511805",3550418702,"http://www.lawtime.cn/info/hunyin/xieyilihun/20120117162964.html"
"511813",3550418702,"http://www.lawtime.cn/info/hunyin/xieyilihun/20110718139745.html"
"514331",3812410744,"http://www.lawtime.cn/info/hunyin/caichanjichengquan/201504073316244.html"
"514569",4083629626,"http://www.lawtime.cn/info/hunyin/jichengrenfanwei/2010101261047.html"
"514577",4083629626,"http://www.lawtime.cn/info/hunyin/jichengrenfanwei/list.html"
"514596",4083629626,"http://www.lawtime.cn/info/hunyin/jichengrenfanwei/2010100858866.html"
"516360",3812551351,"http://www.lawtime.cn/info/minfa/qlrshunyinzy/2011102995941.html"
"517416",3939925262,"http://www.lawtime.cn/info/hunyin/hunyinfagui/201411053308986.html"
"517452",3939925262,"http://www.lawtime.cn/info/hunyin/jiehun/jiehunchengxu/20120605164662.html"
"517453",3939925262,"http://www.lawtime.cn/info/hunyin/ccfglhccfg/20110819144765.html"
"517698",3526835895,"http://www.lawtime.cn/info/hunyin/shishihunyin/20111029159969.html"
"517778",3428619022,"http://www.lawtime.cn/info/hunyin/hunyinfagui/201312112874686.html"
"519437",4178061627,"http://www.lawtime.cn/info/hunyin/jihuashengyu/201411053308990.html"
"519589",3338504403,"http://www.lawtime.cn/info/hunyin/lihuntiaojian/2010110372160.html"
"519867",3526835895,"http://www.lawtime.cn/info/hunyin/xieyilihun/20120117162964.html"
"523477",3428619022,"http://www.lawtime.cn/info/hunyin/shouyangfagui/201312172875418.html"
"523526",3428619022,"http://www.lawtime.cn/info/hunyin/jichengfagui/201401042876948.html"
"523824",3812410744,"http://www.lawtime.cn/info/hunyin/hynews/201503163315468.html"
"524624",3578107918,"http://www.lawtime.cn/info/hunyin/fadingjicheng/2010101261132.html"
"525463",3978432782,"http://www.lawtime.cn/info/hunyin/jiehun/xieyijiehun/201403042882216.html"
"531717",3933042702,"http://www.lawtime.cn/info/hunyin/lhlawlhxy/20110707137693.html"
"531762",3933042702,"http://www.lawtime.cn/info/hunyin/lhlawlhxy/201403182883138.html"
"531798",3933042702,"http://www.lawtime.cn/info/hunyin/fuqizhaiwu/201403122882876.html"
"531828",3933042702,"http://www.lawtime.cn/info/hunyin/fuqizhaiwu/201401092877430.html"
"532347",3812410744,"http://www.lawtime.cn/info/hunyin/shouyangfagui/201412013310114.html"
"532778",4003337178,"http://www.lawtime.cn/info/hunyin/lhlawlhxy/2009070623062.html"
"533740",4178061627,"http://www.lawtime.cn/info/hunyin/jihuashengyu/201411103309146.html"
"533778",3417468017,"http://www.lawtime.cn/info/hunyin/xueqin/nizhixueqin/20120723164819.html"
"534045",3841730875,"http://www.lawtime.cn/info/hunyin/hunyinfaanli/20130304166418.html"
"534051",3841730875,"http://www.lawtime.cn/info/hunyin/hunyinfaanli/201503193315752.html"
"535051",3417468017,"http://www.lawtime.cn/info/hunyin/jiehun/jinzhijiehun/201312182875592.html"
"536211",3933042702,"http://www.lawtime.cn/info/hunyin/lihunshouxu/201312042874014.html"
"538654",3812410744,"http://www.lawtime.cn/info/hunyin/lhlawlhqs/20120710164783.html"
"539877",3727329499,"http://www.lawtime.cn/info/hunyin/lhlawlhxy/20110707137693.html"
"540948",3812410744,"http://www.lawtime.cn/info/hunyin/ccfglaw/hqccxys/20120309164454.html"
"542088",3399911899,"http://www.lawtime.cn/info/hunyin/lihunshouxu/201312042874014.html"
"542093",3399911899,"http://www.lawtime.cn/info/hunyin/xieyilihun/20130723167147.html"
"542100",3399911899,"http://www.lawtime.cn/info/hunyin/xieyilihun/20130723167135.html"
"545915",3421461104,"http://www.lawtime.cn/info/hunyin/zhonghun/zhonghunzhishi/20110817144343.html"
"546866",3727329499,"http://www.lawtime.cn/info/hunyin/lhlawlhqs/20110616136165.html"
"546908",3727329499,"http://www.lawtime.cn/info/hunyin/lhlawlhqs/20110714139295.html"
"546920",3727329499,"http://www.lawtime.cn/info/hunyin/lhlawlhqs/2007020619634.html"
"551000",4039360735,"http://www.lawtime.cn/info/hunyin/xieyilihun/201504153316666.html"
"551007",4039360735,"http://www.lawtime.cn/info/hunyin/lhlawlhxy/201312042873960.html"
"551013",4039360735,"http://www.lawtime.cn/info/hunyin/lhlawlhxy/20110608134299.html"
"551050",4039360735,"http://www.lawtime.cn/info/hunyin/lihunpeichang/2010031724497.html"
"551059",4039360735,"http://www.lawtime.cn/info/hunyin/lihunpeichang/2009020822354.html"
"551378",3812410744,"http://www.lawtime.cn/info/hunyin/shishihunyin/201503103315308.html"
"551501",3387906672,"http://www.lawtime.cn/info/hunyin/lhlawlhqs/201312042873990.html"
"551719",3727329499,"http://www.lawtime.cn/info/hunyin/lihuntiaojian/201411103309124.html"
"551904",4039360735,"http://www.lawtime.cn/info/hunyin/lihunpeichang/20130618166875.html"
"552937",4065533812,"http://www.lawtime.cn/info/hunyin/lhlawlhxy/20110707137693.html"
"553394",3329588238,"http://www.lawtime.cn/info/hunyin/lhlawlhxy/20111205161696.html"
"553456",3329588238,"http://www.lawtime.cn/info/hunyin/lhlawlhxy/20110707137693.html"
"553693",3549850737,"http://www.lawtime.cn/info/hunyin/shouyanggongzheng/20120428164579.html"
"553706",3549850737,"http://www.lawtime.cn/info/hunyin/shouyanggongzheng/list.html"
"553707",3549850737,"http://www.lawtime.cn/info/hunyin/shouyanggongzheng/index.html"
"553709",3549850737,"http://www.lawtime.cn/info/hunyin/shouyanggongzheng/2010072627535.html"
"554216",3791399227,"http://www.lawtime.cn/info/hunyin/jclawycjc/2010110473252.html"
"555452",3812410744,"http://www.lawtime.cn/info/hunyin/sylawsytj/20130123166162.html"
"557812",3520435726,"http://www.lawtime.cn/info/hunyin/lhlawlhqs/20110923154349.html"
"557847",3520435726,"http://www.lawtime.cn/info/hunyin/lhlawlhqs/20121116165709.html"
"557928",3520435726,"http://www.lawtime.cn/info/hunyin/lhlawlhqs/20120210163610.html"
"558519",3329588238,"http://www.lawtime.cn/info/hunyin/lhlawlhxy/20110930156351.html"
"558560",3329588238,"http://www.lawtime.cn/info/hunyin/lhlawlhxy/201311292873514.html"
"558613",3329588238,"http://www.lawtime.cn/info/hunyin/lhlawlhxy/201408063305854.html"
"561387",3404683888,"http://www.lawtime.cn/info/hunyin/lhlawlhxy/201312042873964.html"
"561615",3812410744,"http://www.lawtime.cn/info/hunyin/lhlawlhss/201503193315750.html"
"563426",3594819598,"http://www.lawtime.cn/info/hunyin/lhlawlhqs/201410293308802.html"
"564283",3520435726,"http://www.lawtime.cn/info/hunyin/lhlawlhqs/2010101261508.html"
"564305",3520435726,"http://www.lawtime.cn/info/hunyin/lhlawlhqs/20110613134817.html"
"564428",3359743758,"http://www.lawtime.cn/info/hunyin/lhlawlhxy/20110707137693.html"
"564597",3542022202,"http://www.lawtime.cn/info/hunyin/hunyinfagui/20130823167243.html"
"566173",3542022202,"http://www.lawtime.cn/info/hunyin/hunyinfagui/20110813143541.html"
"566415",3661928462,"http://www.lawtime.cn/info/hunyin/yizhujichengfanwei/201408113306030.html"
"567821",3812410744,"http://www.lawtime.cn/info/hunyin/hynews/201504073316250.html"
"568748",3359743758,"http://www.lawtime.cn/info/hunyin/lhlawlhxy/201403182883138.html"
"568765",3359743758,"http://www.lawtime.cn/info/hunyin/lihunshouxu/201312042874014.html"
"568781",3359743758,"http://www.lawtime.cn/info/hunyin/xieyilihun/20130723167147.html"
"568786",3359743758,"http://www.lawtime.cn/info/hunyin/xieyilihun/20130802167211.html"
"568817",3359743758,"http://www.lawtime.cn/info/hunyin/xieyilihun/20130723167135.html"
"568833",3359743758,"http://www.lawtime.cn/info/hunyin/xieyilihun/20130723167132.html"
"570183",3791399227,"http://www.lawtime.cn/info/hunyin/znfylawfyq/20110307125948.html"
"570202",3791399227,"http://www.lawtime.cn/info/hunyin/zinvfuyangquan/2010122187672.html"
"570486",3650123022,"http://www.lawtime.cn/info/hunyin/lhlawlhxy/20110707137693.html"
"572859",3411222388,"http://www.lawtime.cn/info/hunyin/lhlawlhxy/20110707137693.html"
"573578",3411222388,"http://www.lawtime.cn/info/hunyin/lhlawlhxy/201403182883138.html"
"573634",3411222388,"http://www.lawtime.cn/info/hunyin/ccfglhccfg/201402242881194.html"
"574212",4218502714,"http://www.lawtime.cn/info/hunyin/lihunchengxu/20120802164871.html"
"576216",3563656206,"http://www.lawtime.cn/info/hunyin/jiehun/hunjia/20110920152789.html"
"576225",3563656206,"http://www.lawtime.cn/info/hunyin/jiehun/hunjia/20111123161493.html"
"576236",3563656206,"http://www.lawtime.cn/info/hunyin/jiehun/hunjia/20110920152779.html"
"576405",3791399227,"http://www.lawtime.cn/info/hunyin/fuyangyiwu/20110125115188.html"
"577241",3650123022,"http://www.lawtime.cn/info/hunyin/lhlawlhxy/20110714139189.html"
"577272",3650123022,"http://www.lawtime.cn/info/hunyin/lhlawlhxy/20110813143547.html"
"577288",3650123022,"http://www.lawtime.cn/info/hunyin/lhlawlhqs/20110616136165.html"
"577335",3650123022,"http://www.lawtime.cn/info/hunyin/hunyinfagui/20110524133973.html"
"577338",3650123022,"http://www.lawtime.cn/info/hunyin/lhlawlhxy/20110908150817.html"
"577368",3938356179,"http://www.lawtime.cn/info/hunyin/lhlawlhxy/20110707137693.html"
"577610",4178061627,"http://www.lawtime.cn/info/hunyin/lihunshouxu/201312042874014.html"
"577653",4178061627,"http://www.lawtime.cn/info/hunyin/xieyilihun/20130723167132.html"
"579791",3803987895,"http://www.lawtime.cn/info/hunyin/lhlawlhxy/20110707137693.html"
"579800",3803987895,"http://www.lawtime.cn/info/hunyin/lhlawlhxy/201403182883138.html"
"580250",3650123022,"http://www.lawtime.cn/info/hunyin/lhlawlhxy/2010091951116.html"
"581938",3808176443,"http://www.lawtime.cn/info/hunyin/fuqizhaiwu/2009030522492.html"
"584789",3453852942,"http://www.lawtime.cn/info/hunyin/lhlawlhxy/201408063305842.html"
"584795",3453852942,"http://www.lawtime.cn/info/hunyin/ccfglaw/jtgtcc/201407093018948.html"
"584796",3453852942,"http://www.lawtime.cn/info/hunyin/lhlawlhzx/201408113306020.html"
"585137",3812410744,"http://www.lawtime.cn/info/hunyin/lihuntiaojian/201411103309124.html"
"585985",3803987895,"http://www.lawtime.cn/info/hunyin/lhlawlhxy/201312132875184.html"
"586000",3803987895,"http://www.lawtime.cn/info/hunyin/lhlawlhxy/201312042873960.html"
"588116",3645216782,"http://www.lawtime.cn/info/hunyin/znfylawfyfei/201501163313484.html"
"591243",4065290698,"http://www.lawtime.cn/info/hunyin/lhlawlhxy/20110707137693.html"
"591258",4065290698,"http://www.lawtime.cn/info/hunyin/lhlawlhxy/201408063305854.html"
"591259",4065290698,"http://www.lawtime.cn/info/hunyin/lhlawlhxy/201401032876890.html"
"591269",4065290698,"http://www.lawtime.cn/info/hunyin/lhlawlhxy/201312132875184.html"
"591272",4065290698,"http://www.lawtime.cn/info/hunyin/lhlawlhxy/201312042873960.html"
"591278",4065290698,"http://www.lawtime.cn/info/hunyin/fuqigongtongcaichan/201312062874286.html"
"591290",4065290698,"http://www.lawtime.cn/info/hunyin/fuqigongtongcaichan/20130927167334.html"
"591306",4065290698,"http://www.lawtime.cn/info/hunyin/fuqigongtongcaichan/201312062874272.html"
"591312",4065290698,"http://www.lawtime.cn/info/hunyin/feihunshengzinv/201401142877734.html"
"592167",3636128183,"http://www.lawtime.cn/info/hunyin/fqccyd/20110302122310.html"
"592193",3636128183,"http://www.lawtime.cn/info/hunyin/caichanzhi/fqccz/201402242881212.html"
"592308",3453852942,"http://www.lawtime.cn/info/hunyin/ccfglhccfg/201405052885334.html"
"592981",3417468017,"http://www.lawtime.cn/info/hunyin/ccfglhccfg/20110120102498.html"
"594306",3882965117,"http://www.lawtime.cn/info/hunyin/ccfghqcc/2011011297466.html"
"596876",3938356179,"http://www.lawtime.cn/info/hunyin/lhlawlhxy/201311052871082.html"
"596924",3812410744,"http://www.lawtime.cn/info/hunyin/lhlawlhxy/20110216119433.html"
"599677",3938356179,"http://www.lawtime.cn/info/hunyin/lhlawlhxy/20130723167133.html"
"599725",3970274830,"http://www.lawtime.cn/info/hunyin/hunwaitongji/201402142880566.html"
"599727",3970274830,"http://www.lawtime.cn/info/hunyin/hunwaitongji/201401242879064.html"
"599728",3970274830,"http://www.lawtime.cn/info/hunyin/jiechutongji/201405152965772.html"
"599729",3970274830,"http://www.lawtime.cn/info/hunyin/jiechutongji/201401272879402.html"
"599732",3970274830,"http://www.lawtime.cn/info/hunyin/tongjicaichan/201403202883292.html"
"599733",3970274830,"http://www.lawtime.cn/info/hunyin/hynews/201502133314702.html"
"599736",3970274830,"http://www.lawtime.cn/info/hunyin/jiehun/xieyijiehun/201502103314564.html"
"599738",3970274830,"http://www.lawtime.cn/info/hunyin/jiehun/xieyijiehun/201403042882216.html"
"599740",3970274830,"http://www.lawtime.cn/info/hunyin/lhlaw/lihunxichan/201502073314478.html"
"599741",3970274830,"http://www.lawtime.cn/info/hunyin/lhlaw/lihunxichan/201502073314474.html"
"599742",3970274830,"http://www.lawtime.cn/info/hunyin/caichangongzheng/201501053312758.html"
"605308",4168880910,"http://www.lawtime.cn/info/hunyin/lhlawlhqs/20110616136165.html"
"605410",4168880910,"http://www.lawtime.cn/info/hunyin/lhlawlhxy/20110908150817.html"
"609325",4079545015,"http://www.lawtime.cn/info/hunyin/hunyinfagui/201411053308986.html"
"609393",4079545015,"http://www.lawtime.cn/info/hunyin/hunyinfagui/2010091347265.html"
"609396",4079545015,"http://www.lawtime.cn/info/hunyin/ccfglhccfg/20110816144151.html"
"609537",4079545015,"http://www.lawtime.cn/info/hunyin/ccfglhccfg/201503133315444.html"
"610335",3803987895,"http://www.lawtime.cn/info/hunyin/lhlawlhxy/201311292873592.html"
"611053",4168880910,"http://www.lawtime.cn/info/hunyin/hunyinfagui/20110524133973.html"
"613587",3695714681,"http://www.lawtime.cn/info/hunyin/jihuashengyu/20120215163891.html"
"614821",4079545015,"http://www.lawtime.cn/info/hunyin/ccfglhccfg/201502283314896.html"
"614946",4079545015,"http://www.lawtime.cn/info/hunyin/lihunchengxu/201401022876854.html"
"619520",3469219188,"http://www.lawtime.cn/info/hunyin/hunyinfagui/201411053308986.html"
"619571",3469219188,"http://www.lawtime.cn/info/hunyin/hunyinfagui/2010091347265.html"
"619577",3338504403,"http://www.lawtime.cn/info/hunyin/tongjifalvzhishi/2010102668564.html"
"620127",3594885134,"http://www.lawtime.cn/info/hunyin/hunyinfagui/201411053308986.html"
"620762",3338504403,"http://www.lawtime.cn/info/hunyin/hunyinfagui/201312112874686.html"
"624982",3510999054,"http://www.lawtime.cn/info/hunyin/ccfglhccfg/20110816144151.html"
"625064",4148533262,"http://www.lawtime.cn/info/hunyin/ccfglhccfg/20110816144151.html"
"625422",3469219188,"http://www.lawtime.cn/info/hunyin/ccfglhccfg/20110924154641.html"
"627004",3611662350,"http://www.lawtime.cn/info/hunyin/hunyinfagui/201411053308986.html"
"627760",3469219188,"http://www.lawtime.cn/info/hunyin/caichanfengexieyi/2010120179468.html"
"628321",4165310478,"http://www.lawtime.cn/info/hunyin/fuqigongtongcaichan/201312062874288.html"
"628488",4081424398,"http://www.lawtime.cn/info/hunyin/lhlawlhss/201410133308390.html"
"628520",3847774321,"http://www.lawtime.cn/info/hunyin/hunyinfagui/201411053308986.html"
"630599",3847774321,"http://www.lawtime.cn/info/hunyin/fuqigongtongcaichan/20120820165109.html"
"634467",3669682615,"http://www.lawtime.cn/info/hunyin/hunyinfagui/201311272873316.html"
"639016",3549850737,"http://www.lawtime.cn/info/hunyin/shehuifuyangfei/20110720140471.html"
"642830",3812551351,"http://www.lawtime.cn/info/hunyin/hunyinfagui/2010093058026.html"
"648580",4178061627,"http://www.lawtime.cn/info/hunyin/yizhu/20120822165147.html"
"650056",4262685658,"http://www.lawtime.cn/info/hunyin/hunyinfagui/201411053308986.html"
"653725",3736729658,"http://www.lawtime.cn/info/hunyin/lhlawlhxy/201312132875184.html"
"653733",3736729658,"http://www.lawtime.cn/info/hunyin/fuqigongtongcaichan/201312062874288.html"
"653745",3736729658,"http://www.lawtime.cn/info/hunyin/fuqigongtongcaichan/201312062874258.html"
"653751",3736729658,"http://www.lawtime.cn/info/hunyin/lhlawlhqs/20110616136165.html"
"654958",3460601870,"http://www.lawtime.cn/info/hunyin/tongjifalvzhishi/20120913165384.html"
"655143",4262685658,"http://www.lawtime.cn/info/hunyin/ccfglhccfg/201501053312738.html"
"655153",4262685658,"http://www.lawtime.cn/info/hunyin/ccfglhccfg/201410143308436.html"
"660848",3419084148,"http://www.lawtime.cn/info/hunyin/lhlawlhss/2010122891281.html"
"660917",3880403057,"http://www.lawtime.cn/info/hunyin/jiatingbaoli/2010120279633.html"
"660932",3880403057,"http://www.lawtime.cn/info/hunyin/hynews/2010093058752.html"
"660943",3880403057,"http://www.lawtime.cn/info/hunyin/jiatingbaoli/2009070623065.html"
"663894",4178061627,"http://www.lawtime.cn/info/hunyin/fenjiaxichanjf/2010102869914.html"
"666420",3594885134,"http://www.lawtime.cn/info/hunyin/lhlawlhxy/20110707137693.html"
"666691",3430684114,"http://www.lawtime.cn/info/hunyin/lhlawlhxy/20110707137693.html"
"670171",3812551351,"http://www.lawtime.cn/info/hunyin/hunyinfagui/20110124109771.html"
"672179",3359194807,"http://www.lawtime.cn/info/hunyin/jichengfalunwen/20110823145235.html"
"672548",3611596814,"http://www.lawtime.cn/info/hunyin/lhlawlhxy/20110707137693.html"
"673334",3880403057,"http://www.lawtime.cn/info/hunyin/jiatingbaoli/2010110574090.html"
"676227",3812410744,"http://www.lawtime.cn/info/hunyin/hunyinfaanli/201504153316662.html"
"677168",3359194807,"http://www.lawtime.cn/info/hunyin/hynews/2010120882453.html"
"677454",3856692238,"http://www.lawtime.cn/info/hunyin/lhlawlhxy/20110707137693.html"
"677581",3856692238,"http://www.lawtime.cn/info/hunyin/ccfglhccfg/201405052885334.html"
"677687",3796798525,"http://www.lawtime.cn/info/hunyin/znfylawbfyq/20111128161561.html"
"678987",4178061627,"http://www.lawtime.cn/info/hunyin/fuqigongtongcaichan/2010110371880.html"
"679215",3757720177,"http://www.lawtime.cn/info/hunyin/jclawjichengfa/201312062874302.html"
"679303",3812410744,"http://www.lawtime.cn/info/hunyin/jiehuntiaojian/20130827167250.html"
"679667",3856692238,"http://www.lawtime.cn/info/hunyin/lhlawlhxy/201312132875184.html"
"679909",4170935409,"http://www.lawtime.cn/info/hunyin/jihuashengyu/20120215163891.html"
"679944",3549850737,"http://www.lawtime.cn/info/hunyin/jihuashengyu/20120905165328.html"
"687545",3421461104,"http://www.lawtime.cn/info/hunyin/jihuashengyu/20120215163891.html"
"696589",4154656889,"http://www.lawtime.cn/info/hunyin/jianhu/20120207163511.html"
"696721",4154656889,"http://www.lawtime.cn/info/hunyin/znfylawfyq/2009020722100.html"
"698520",3419084148,"http://www.lawtime.cn/info/hunyin/ccfglhccfg/20110914151031.html"
"699625",4062854839,"http://www.lawtime.cn/info/hunyin/tanwangquan/20110131118772.html"
"699765",4154656889,"http://www.lawtime.cn/info/hunyin/znfylawfyq/20111028159859.html"
"699782",4154656889,"http://www.lawtime.cn/info/hunyin/znfylaw/fuyangyiwu/201311062871324.html"
"703646",3371129456,"http://www.lawtime.cn/info/hunyin/lhlawlhss/201408253306850.html"
"703714",3371129456,"http://www.lawtime.cn/info/hunyin/lihunzheng/20110622136963.html"
"703733",3371129456,"http://www.lawtime.cn/info/hunyin/lhlawlhxy/201401032876890.html"
"707781",3419084148,"http://www.lawtime.cn/info/hunyin/fuqigongtongcaichan/2011010693593.html"
"708228",4178061627,"http://www.lawtime.cn/info/hunyin/jihuashengyu/20110901148219.html"
"708264",3684307470,"http://www.lawtime.cn/info/hunyin/hunwaitongji/20120220163955.html"
"709498",3905653821,"http://www.lawtime.cn/info/hunyin/lhlawlhxy/20110707137693.html"
"709551",3905653821,"http://www.lawtime.cn/info/hunyin/lhlawlhxy/201408063305854.html"
"709556",3905653821,"http://www.lawtime.cn/info/hunyin/lhlawlhxy/20120202163207.html"
"713273",3359194807,"http://www.lawtime.cn/info/hunyin/jclawycjc/2010102869627.html"
"713419",3359194807,"http://www.lawtime.cn/info/hunyin/fenjiaxichanjf/2010120280152.html"
"714189",3808176443,"http://www.lawtime.cn/info/hunyin/hunyinfagui/201411053308986.html"
"715566",3812410744,"http://www.lawtime.cn/info/hunyin/hynews/201503043315040.html"
"718117",4071855374,"http://www.lawtime.cn/info/hunyin/lhlawlhxy/20110707137693.html"
"718192",4071855374,"http://www.lawtime.cn/info/hunyin/lhlawlhxy/201312042873960.html"
"718880",3757720177,"http://www.lawtime.cn/info/hunyin/jclawjichengfa/20120815165025.html"
"720074",3937157047,"http://www.lawtime.cn/info/hunyin/lhlawlhqs/201311122871934.html"
"721972",3757720177,"http://www.lawtime.cn/info/hunyin/jclawjichengfa/20121023165558.html"
"722943",4071855374,"http://www.lawtime.cn/info/hunyin/lihunchengxu/20111021159177.html"
"723007",4071855374,"http://www.lawtime.cn/info/hunyin/lihunchengxu/20110819144799.html"
"724480",4071855374,"http://www.lawtime.cn/info/hunyin/lihunzhengju/20111008156637.html"
"726630",3812410744,"http://www.lawtime.cn/info/hunyin/hynews/201503093315226.html"
"727955",3737599546,"http://www.lawtime.cn/info/hunyin/lhlawlhss/20111226161918.html"
"727976",3737599546,"http://www.lawtime.cn/info/hunyin/lihunzhengju/20110822144861.html"
"728109",3378921399,"http://www.lawtime.cn/info/hunyin/tjgx/tjgxxc/201403062882422.html"
"728137",3378921399,"http://www.lawtime.cn/info/hunyin/tjgx/tjgxxc/201402142880572.html"
"728150",3378921399,"http://www.lawtime.cn/info/hunyin/tongjicaichan/20130515166678.html"
"729527",3757720177,"http://www.lawtime.cn/info/hunyin/jclawjichengfa/201502273314876.html"
"729533",3757720177,"http://www.lawtime.cn/info/hunyin/jclawjichengfa/20130520166717.html"
"729621",3757720177,"http://www.lawtime.cn/info/hunyin/jiehun/xieyijiehun/201403042882218.html"
"733390",3938479217,"http://www.lawtime.cn/info/hunyin/lhlawlhss/20120919165418.html"
"733471",3938479217,"http://www.lawtime.cn/info/hunyin/lhlawlhss/201310252870066.html"
"735575",3975349687,"http://www.lawtime.cn/info/hunyin/lhlawlhxy/20110707137693.html"
"735650",3975349687,"http://www.lawtime.cn/info/hunyin/lihunshouxu/201312042874014.html"
"735669",3975349687,"http://www.lawtime.cn/info/hunyin/xieyilihun/20130723167146.html"
"735709",3938479217,"http://www.lawtime.cn/info/hunyin/lhlawlhqs/201311122871934.html"
"737107",3812410744,"http://www.lawtime.cn/info/hunyin/ccfglaw/hycc/201405273016922.html"
"737537",3417468017,"http://www.lawtime.cn/info/hunyin/lihunchengxu/20120210163620.html"
"738815",4178061627,"http://www.lawtime.cn/info/hunyin/fuqigongtongcaichan/2010101261178.html"
"738897",3510999054,"http://www.lawtime.cn/info/hunyin/dszn/20110704137265.html"
"740040",3378921399,"http://www.lawtime.cn/info/hunyin/tjgx/tjgxxc/20130624166911.html"
"740071",3378921399,"http://www.lawtime.cn/info/hunyin/shishihunyin/20130604166813.html"
"740128",3378921399,"http://www.lawtime.cn/info/hunyin/tjgx/tjgxxc/201403062882420.html"
"740148",3378921399,"http://www.lawtime.cn/info/hunyin/weihuntongju/20110805141919.html"
"740255",3975349687,"http://www.lawtime.cn/info/hunyin/lhlawlhss/2010011824238.html"
"741246",3812410744,"http://www.lawtime.cn/info/hunyin/jiehuncaili/list.html"
"741319",3812410744,"http://www.lawtime.cn/info/hunyin/znfylawbfyq/201502043314280.html"
"741526",3737599546,"http://www.lawtime.cn/info/hunyin/ccfglhccfg/2010110371391.html"
"743530",3812410744,"http://www.lawtime.cn/info/hunyin/hynews/201503093315230.html"
"746239",3812410744,"http://www.lawtime.cn/info/hunyin/jiehundengji/2010031024454.html"
"747410",3561265166,"http://www.lawtime.cn/info/hunyin/jhsy/weihunxianyun/201501313314180.html"
"750952",3858508091,"http://www.lawtime.cn/info/hunyin/jichenganli/20120104162202.html"
"752879",4251829546,"http://www.lawtime.cn/info/hunyin/hyflw/2010110170783.html"
"752891",4251829546,"http://www.lawtime.cn/info/hunyin/znfylawfyq/201402182880772.html"
"752941",4251829546,"http://www.lawtime.cn/info/hunyin/znfylawfyfei/201312272876494.html"
"757207",3858508091,"http://www.lawtime.cn/info/hunyin/jichenganli/20130603166810.html"
"757286",3858508091,"http://www.lawtime.cn/info/hunyin/jichenganli/20130527166769.html"
"758522",3896690040,"http://www.lawtime.cn/info/hunyin/jiehun/hunjia/201312112874734.html"
"760539",4251829546,"http://www.lawtime.cn/info/hunyin/znfylawfyq/2010092856311.html"
"762394",3812410744,"http://www.lawtime.cn/info/hunyin/jiehun/hunjia/20120918165406.html"
"762407",3812410744,"http://www.lawtime.cn/info/hunyin/jiehun/hunjia/20111123161491.html"
"763154",3601109774,"http://www.lawtime.cn/info/hunyin/hyflw/2010110170783.html"
"763183",3601109774,"http://www.lawtime.cn/info/hunyin/fuqi/20110210118777.html"
"763255",3601109774,"http://www.lawtime.cn/info/hunyin/fuqi/20120827165206.html"
"765729",3678705678,"http://www.lawtime.cn/info/hunyin/jiehun/hunjia/20120918165406.html"
"765760",3852768782,"http://www.lawtime.cn/info/hunyin/fuqigongtongcaichan/201503133315460.html"
"765797",3338274231,"http://www.lawtime.cn/info/hunyin/feihunshengzinv/201401142877734.html"
"765820",3852768782,"http://www.lawtime.cn/info/hunyin/fuqigongtongcaichan/201503133315450.html"
"766644",3841730875,"http://www.lawtime.cn/info/hunyin/lihunzhengju/20110325132620.html"
"767043",3601109774,"http://www.lawtime.cn/info/hunyin/lhlawlhxy/20110921153645.html"
"767334",3808176443,"http://www.lawtime.cn/info/hunyin/lhlawlhxy/20110707137693.html"
"767639",3542022202,"http://www.lawtime.cn/info/hunyin/zhonghun/zhonghunzui/201503033314990.html"
"767698",3372058835,"http://www.lawtime.cn/info/hunyin/hunyinfagui/20110813143541.html"
"768254",3669682615,"http://www.lawtime.cn/info/hunyin/jianhu/20120104162231.html"
"768285",3669682615,"http://www.lawtime.cn/info/hunyin/tanwangquan/20111013157927.html"
"769880",3338274231,"http://www.lawtime.cn/info/hunyin/jhsy/danduertai/201311182872166.html"
"769885",3852768782,"http://www.lawtime.cn/info/hunyin/fuqigongtongcaichan/201501043312698.html"
"769930",3338274231,"http://www.lawtime.cn/info/hunyin/jiatingguanxi/jfmzngx/20120229164283.html"
"769972",3338274231,"http://www.lawtime.cn/info/hunyin/feihunshengzinv/20111103160477.html"
"770010",3338274231,"http://www.lawtime.cn/info/hunyin/feihunshengzinv/list.html"
"770021",3338274231,"http://www.lawtime.cn/info/hunyin/feihunshengzinv/20110325127687.html"
"771805",3995759630,"http://www.lawtime.cn/info/hunyin/fuqigongtongcaichan/2010112977335.html"
"771811",3995759630,"http://www.lawtime.cn/info/hunyin/ccfghqcc/2010112977057.html"
"771814",3995759630,"http://www.lawtime.cn/info/hunyin/hunyinfagui/2010122590975.html"
"773052",3608331896,"http://www.lawtime.cn/info/hunyin/jihuashengyu/201312102874538.html"
"773725",3812410744,"http://www.lawtime.cn/info/hunyin/jiatingguanxi/fuyang/201404232884726.html"
"774532",3338274231,"http://www.lawtime.cn/info/hunyin/jhsy/ertaizhengce/201411073309056.html"
"776264",3407239348,"http://www.lawtime.cn/info/hunyin/ccfglhccfg/201410143308436.html"
"776412",3407239348,"http://www.lawtime.cn/info/hunyin/ccfghqcc/20121023165556.html"
"776512",3407239348,"http://www.lawtime.cn/info/hunyin/ccfglhccfg/20110924154641.html"
"777955",3812410744,"http://www.lawtime.cn/info/hunyin/qinzijianding/20120611164688.html"
"778055",3812410744,"http://www.lawtime.cn/info/hunyin/tongjifalvzhishi/20130712167063.html"
"778089",3812410744,"http://www.lawtime.cn/info/hunyin/tongjicaichan/201403202883292.html"
"779512",4178061627,"http://www.lawtime.cn/info/hunyin/hunyinfagui/201411053308986.html"
"780599",4164188017,"http://www.lawtime.cn/info/hunyin/lhlawlhxy/20110707137693.html"
"780634",4164188017,"http://www.lawtime.cn/info/hunyin/lihunchengxu/20111021159177.html"
"780649",4164188017,"http://www.lawtime.cn/info/hunyin/znfylawbfyq/201407183019378.html"
"780735",3858508091,"http://www.lawtime.cn/info/hunyin/hunyinfagui/201312112874686.html"
"781855",3338274231,"http://www.lawtime.cn/info/hunyin/hynews/201403192883156.html"
"781903",3338274231,"http://www.lawtime.cn/info/hunyin/hygx/zhygx/20120301164348.html"
"781964",3338274231,"http://www.lawtime.cn/info/hunyin/feihunshengzinv/201311112871838.html"
"782003",3338274231,"http://www.lawtime.cn/info/hunyin/feihunshengzinv/2010122290101.html"
"782025",3912400142,"http://www.lawtime.cn/info/hunyin/lhlawlhqs/201312042874006.html"
"782039",3338274231,"http://www.lawtime.cn/info/hunyin/jiehuntiaojian/201408113306018.html"
"783249",3937157047,"http://www.lawtime.cn/info/hunyin/lhlawlhxy/20110707137693.html"
"783667",3604750713,"http://www.lawtime.cn/info/hunyin/jihuashengyu/20120215163891.html"
"784263",4237909616,"http://www.lawtime.cn/info/hunyin/lihunzheng/20120822165136.html"
"784282",4237909616,"http://www.lawtime.cn/info/hunyin/lihunzheng/2010012924341.html"
"784297",4237909616,"http://www.lawtime.cn/info/hunyin/lhlawlhxy/201411103309120.html"
"784358",3611662350,"http://www.lawtime.cn/info/hunyin/jiehundengji/201312102874586.html"
"784421",3673455118,"http://www.lawtime.cn/info/hunyin/lhlawlhxy/20110707137693.html"
"784619",4178061627,"http://www.lawtime.cn/info/hunyin/jihuashengyu/20120215163891.html"
"785439",3812410744,"http://www.lawtime.cn/info/hunyin/ccfgzxwd/201407073018804.html"
"787325",3338274231,"http://www.lawtime.cn/info/hunyin/jhsy/danduertai/201402252881370.html"
"787354",3912400142,"http://www.lawtime.cn/info/hunyin/lhlawlhqs/201311122871934.html"
"787954",3673455118,"http://www.lawtime.cn/info/hunyin/lhlawlhxy/20120107162650.html"
"787961",3673455118,"http://www.lawtime.cn/info/hunyin/lhlawlhxy/2010091951116.html"
"788410",3591465946,"http://www.lawtime.cn/info/hunyin/feihunshengzinv/20110125112586.html"
"788432",3591465946,"http://www.lawtime.cn/info/hunyin/hunyinfagui/20110813143541.html"
"788437",3591465946,"http://www.lawtime.cn/info/hunyin/hunyinfagui/20110815143753.html"
"788438",3591465946,"http://www.lawtime.cn/info/hunyin/hunyinfagui/20130823167243.html"
"788640",3404683888,"http://www.lawtime.cn/info/hunyin/ccfglhccfg/2010122187276.html"
"789760",3812410744,"http://www.lawtime.cn/info/hunyin/fuqigongtongcaichan/2010112977214.html"
"789763",3812410744,"http://www.lawtime.cn/info/hunyin/fuqigongtongcaichan/20110717139535.html"
"789770",3812410744,"http://www.lawtime.cn/info/hunyin/fuqigongtongcaichan/201312062874288.html"
"790003",3812410744,"http://www.lawtime.cn/info/hunyin/lhlawlhqs/201312042874006.html"
"791492",4237909616,"http://www.lawtime.cn/info/hunyin/lhlawlhxy/201408063305854.html"
"791502",4237909616,"http://www.lawtime.cn/info/hunyin/ccfglhccfg/20110924154641.html"
"791527",4237909616,"http://www.lawtime.cn/info/hunyin/lhlawlhxy/20110707137693.html"
"791577",4237909616,"http://www.lawtime.cn/info/hunyin/lihuntiaojian/201408273306990.html"
"794270",3372058835,"http://www.lawtime.cn/info/hunyin/hunfang/hunhoumaifang/20120405164525.html"
"794566",3812410744,"http://www.lawtime.cn/info/hunyin/znfylawfyfei/2010092856310.html"
"794569",3812410744,"http://www.lawtime.cn/info/hunyin/znfylawfyfei/2010091347262.html"
"794573",3812410744,"http://www.lawtime.cn/info/hunyin/znfylawfyfei/201412093310566.html"
"794681",3812410744,"http://www.lawtime.cn/info/hunyin/zhonghun/zhonghunzui/20111026159708.html"
"797044",3510999054,"http://www.lawtime.cn/info/hunyin/hunyinfagui/201312112874686.html"
"797115",3912400142,"http://www.lawtime.cn/info/hunyin/lhlawlhqs/201410293308802.html"
"797146",3510999054,"http://www.lawtime.cn/info/hunyin/lihunchengxu/20130708167008.html"
"797783",3594885134,"http://www.lawtime.cn/info/hunyin/feihunshengzinv/20120912165364.html"
"799348",3812410744,"http://www.lawtime.cn/info/hunyin/jiechutongji/2010121183459.html"
"800204",3812410744,"http://www.lawtime.cn/info/hunyin/zhonghun/zhonghunzui/20110125113179.html"
"800213",3812410744,"http://www.lawtime.cn/info/hunyin/zhonghun/zhonghunzui/2011010693700.html"
"800268",3812410744,"http://www.lawtime.cn/info/hunyin/lihunfangchan/2010040724933.html"
"800300",3812410744,"http://www.lawtime.cn/info/hunyin/ccfglhccfg/20130430166629.html"
"801097",3812410744,"http://www.lawtime.cn/info/hunyin/jiehun/jinqinjiehun/201403042882224.html"
"801208",3549850737,"http://www.lawtime.cn/info/hunyin/lhlawlhss/20120919165418.html"
"803025",3450927162,"http://www.lawtime.cn/info/hunyin/lihunshouxu/201312042874014.html"
"803030",3450927162,"http://www.lawtime.cn/info/hunyin/xieyilihun/20130723167147.html"
"807160",3549850737,"http://www.lawtime.cn/info/hunyin/lhlawlhxy/20110707137693.html"
"807784",3911829290,"http://www.lawtime.cn/info/hunyin/lhlawlhxy/20110707137693.html"
"809406",3387906672,"http://www.lawtime.cn/info/hunyin/lhlawlhss/2010110371442.html"
"809473",3387906672,"http://www.lawtime.cn/info/hunyin/ccfglhccfg/2010110372778.html"
"809825",4165310478,"http://www.lawtime.cn/info/hunyin/lihunzhengju/20111011157503.html"
"810347",3852768782,"http://www.lawtime.cn/info/hunyin/fuqigongtongcaichan/201501043312694.html"
"810356",3852768782,"http://www.lawtime.cn/info/hunyin/fuqigongtongcaichan/201501043312688.html"
"810365",3852768782,"http://www.lawtime.cn/info/hunyin/fuqigongtongcaichan/201410133308408.html"
"810366",3852768782,"http://www.lawtime.cn/info/hunyin/fuqigongtongcaichan/201410133308406.html"
"810367",3852768782,"http://www.lawtime.cn/info/hunyin/fuqigongtongcaichan/201410133308404.html"
"810368",3852768782,"http://www.lawtime.cn/info/hunyin/fuqigongtongcaichan/201408273307000.html"
"810370",3852768782,"http://www.lawtime.cn/info/hunyin/fuqigongtongcaichan/201406063017616.html"
"810407",3852768782,"http://www.lawtime.cn/info/hunyin/fuqigongtongcaichan/201404282884974.html"
"810408",3852768782,"http://www.lawtime.cn/info/hunyin/fuqigongtongcaichan/201404252884948.html"
"810409",3852768782,"http://www.lawtime.cn/info/hunyin/fuqigongtongcaichan/201401202878268.html"
"810410",3852768782,"http://www.lawtime.cn/info/hunyin/fuqigongtongcaichan/201401202878266.html"
"810461",3852768782,"http://www.lawtime.cn/info/hunyin/fuqigongtongcaichan/201312062874276.html"
"810462",3852768782,"http://www.lawtime.cn/info/hunyin/fuqigongtongcaichan/201312062874266.html"
"810464",3852768782,"http://www.lawtime.cn/info/hunyin/caichangongzheng/201501053312758.html"
"810465",3852768782,"http://www.lawtime.cn/info/hunyin/caichanfengexieyi/201403042882186.html"
"810466",3852768782,"http://www.lawtime.cn/info/hunyin/caichanfengexieyi/20120112162743.html"
"810472",3944904974,"http://www.lawtime.cn/info/hunyin/lhlawlhxy/20110707137693.html"
"810475",3944904974,"http://www.lawtime.cn/info/hunyin/lihunshouxu/201312042874014.html"
"810477",3944904974,"http://www.lawtime.cn/info/hunyin/lihunchengxu/20111021159177.html"
"810479",3944904974,"http://www.lawtime.cn/info/minfa/qlrshunyinzy/2011110997278.html"
"810504",3852768782,"http://www.lawtime.cn/info/hunyin/caichangongzheng/201501053312754.html"
"810505",3852768782,"http://www.lawtime.cn/info/hunyin/caichangongzheng/20120827165201.html"
"810506",3852768782,"http://www.lawtime.cn/info/hunyin/caichangongzheng/201501053312752.html"
"810507",3852768782,"http://www.lawtime.cn/info/hunyin/caichangongzheng/20120823165159.html"
"811331",3911829290,"http://www.lawtime.cn/info/hunyin/ccfglhccfg/20110924154641.html"
"811954",3387906672,"http://www.lawtime.cn/info/hunyin/hunwaiqing/2010110371673.html"
"812530",3812410744,"http://www.lawtime.cn/info/hunyin/lhlawlhss/201412193311624.html"
"813629",3594885134,"http://www.lawtime.cn/info/hunyin/lihunzhengju/201311292873552.html"
"817869",3911829290,"http://www.lawtime.cn/info/hunyin/ccfglhccfg/201411103309166.html"
"817874",3911829290,"http://www.lawtime.cn/info/hunyin/ccfgzxwd/201407073018814.html"
"818556",3911829290,"http://www.lawtime.cn/info/hunyin/ccfglhccfg/201408063305818.html"
"818675",3911829290,"http://www.lawtime.cn/info/hunyin/lhlaw/lihunxichan/201312262876352.html"
"823733",3359194807,"http://www.lawtime.cn/info/hunyin/jichengfagui/201402272881832.html"
"826666",3450927162,"http://www.lawtime.cn/info/hunyin/lhlawlhxy/20110707137693.html"
"830610",3421461104,"http://www.lawtime.cn/info/hunyin/jihuashengyu/201411103309144.html"
"832313",3812410744,"http://www.lawtime.cn/info/hunyin/sylawsytj/20110701137105.html"
"832381",3812410744,"http://www.lawtime.cn/info/hunyin/jclawjichengfa/20120216163908.html"
"832926",3684307470,"http://www.lawtime.cn/info/hunyin/swhyswlh/201409223307884.html"
"832983",3684307470,"http://www.lawtime.cn/info/hunyin/swhyanli/20111018158646.html"
"833451",3812410744,"http://www.lawtime.cn/info/hunyin/fuqizhaiwu/201406063017630.html"
"835681",3549850737,"http://www.lawtime.cn/info/hunyin/lihunpanjue/2010092053429.html"
